alibaba	经营范围：一般经营项目：服装销售。许可经营项目：服装生产加工。 ［已认证］	注册地址：中国广东深圳龙华区龙华街道华达路77号和平工业园A202                                    查看地图	东莞 童装	https://shop634g679ee7967.1688.com/page/creditdetail.htm	注册资本：无需验资 ［已认证］	深圳市龙华区可衣凡服装厂	固话：131 - 43281654	shop634g679ee7967	2018-03-24	联系人：郑智桃	成立时间：2017年06月07日 ［已认证］
alibaba	经营范围：产销：服装、服饰。 ［已认证］	注册地址：中国广东东莞虎门镇龙眼社区东七路八巷51号                                    查看地图	东莞 童装	https://yuchunfuzhang.1688.com/page/creditdetail.htm	注册资本：人民币50万元 ［已认证］	东莞裕纯服装源头厂家	固话：0769 - 85199079	yuchunfuzhang	2018-03-24	联系人：范活红	成立时间：2012年08月13日 ［已认证］
alibaba	经营范围：一般经营项目:服装服饰批发零售 ［已认证］	注册地址：中国广东深圳宝安区西乡街道航城大道72号1楼                                    查看地图	东莞 童装	https://ip0702.1688.com/page/creditdetail.htm	注册资本：无需验资 ［已认证］	深圳市宝安区西乡鑫淼杰服装贸易商行	17606687659	ip0702	2018-03-24	联系人：叶杰	成立时间：2014年03月28日 ［已认证］
alibaba	经营范围：一般经营项目:???服装批发零售许可经营项目:???服装生产加工，(建设项目环境影响审批，申报建设工程消防验收) ［已认证］	注册地址：中国广东深圳南山区沙河街道白石洲村沙河工业区38栋603号                                    查看地图	东莞 童装	https://shop1459528887738.1688.com/page/creditdetail.htm	注册资本：无需验资 ［已认证］	深圳市南山区衣乃馨制衣厂	13266835503	shop1459528887738	2018-03-24	联系人：李润青	成立时间：2016年03月29日 ［已认证］
alibaba	经营范围：一般经营项目:???服装、内衣、鞋帽、纺织面料、纺织品批发零售许可经营项目:???服装、内衣、鞋帽、纺织面料、纺织品加工 ［已认证］	注册地址：中国广东深圳宝安区沙井街道万安路20号长兴科技园197栋1楼                                    查看地图	东莞 童装	https://shop1466788724260.1688.com/page/creditdetail.htm	注册资本：无需验资 ［已认证］	深圳市宝安区沙井菲米尔服装厂	18575982021	shop1466788724260	2018-03-24	联系人：梁逢辉	成立时间：2016年06月21日 ［已认证］
alibaba	经营范围：设计、生产、销售：服饰、服装；销售：毛纱、纺织原料、服装辅料（不含危险化学品）；货物进出口、技术进出口。 (依法须经批准的项目，经相关部门批准后方可开展.. ［已认证］	注册地址：中国广东东莞大朗镇大井头社区盈丰路13号                                    查看地图	东莞 童装	https://ybh158.1688.com/page/creditdetail.htm	注册资本：人民币50万元 ［已认证］	远博服饰源头厂家	13238302536	ybh158	2018-03-24	联系人：单国军	成立时间：2009年05月21日 ［已认证］
alibaba	经营范围：一般经营项目：批发、零售：服装。 许可经营项目：无（一般经营项目可以自主经营；许可经营项目凭批准文件、证件经营） ［已认证］	注册地址：中国广东东莞厚街镇南五村岭祥街六巷3号                                    查看地图	东莞 童装	https://penghongfuzhuang.1688.com/page/creditdetail.htm	注册资本：无需验资 ［已认证］	东莞市厚街鹏鸿服装经营部	13544666808	penghongfuzhuang	2018-03-24	联系人：林春龙	成立时间：2014年01月08日 ［已认证］
alibaba	经营范围：批发、零售：童装。 ［已认证］	注册地址：中国广东东莞虎门镇沙太路81号之99号铺位                                    查看地图	东莞 童装	https://son86.1688.com/page/creditdetail.htm	注册资本：无需验资 ［已认证］	东莞市虎门郎郎维奇童装店	18002966283	son86	2018-03-24	联系人：王刚	成立时间：2012年03月15日 ［已认证］
alibaba	经营范围：生产、销售：服装、鞋帽、针纺织品、箱包；销售：纺织品材料、服装材料、日用品；服装加工、设计；企业营销策划；企业形象设计；企业管理咨询服务。(依法须经批准的项目，.. ［已认证］	注册地址：中国广东东莞大朗镇佛新社区银源一街36号                                    查看地图	东莞 童装	https://hedaier.1688.com/page/creditdetail.htm	注册资本：人民币200万元 ［已认证］	合黛儿官方旗舰店	18188831372	hedaier	2018-03-24	联系人：	成立时间：2017年04月12日 ［已认证］
alibaba	经营范围：生产和销售毛织、服装（含洗水工序）。 ［已认证］	注册地址：中国广东东莞常平镇岗梓村大埔工业区                                    查看地图	东莞 童装	https://yihuitongzhuang.1688.com/page/creditdetail.htm	注册资本：港币1,122万元 ［已认证］	东莞常平岗梓兴业针织服装有限公司	18122989198	yihuitongzhuang	2018-03-24	联系人：郑优世	成立时间：2008年12月11日 ［已认证］
alibaba	经营范围：销售、网上销售:服装、鞋、帽、玩具、日用品、布料、皮革、箱包。(依法须经批准的项目，经相关部门批准后方可开展经营活动)〓 ［已认证］	注册地址：中国广东东莞东城区樟村沙井头1巷16号605室                                    查看地图	东莞 童装	https://shop1448962611433.1688.com/page/creditdetail.htm	注册资本：人民币100万元 ［已认证］	东莞哈兔童装有限公司	15820889963	shop1448962611433	2018-03-24	联系人：谢金辉	成立时间：2015年11月05日 ［已认证］
alibaba	经营范围：网上销售、销售：服饰、鞋类、饰品。 ［已认证］	注册地址：中国广东东莞樟木头镇柏地银河北路13号二楼（集群注册）                                    查看地图	东莞 童装	https://samgamibabynkids.1688.com/page/creditdetail.htm	注册资本：人民币100万元 ［已认证］	samgami baby官方旗舰店	18718878600	samgamibabynkids	2018-03-24	联系人：刘巧辉	成立时间：2016年05月26日 ［已认证］
alibaba	经营范围：一般经营项目:服装批发与零售。（法律、行政法规禁止的项目除外；法律、行政法规限制的项目须取得许可后方可经营） ［已认证］	注册地址：中国广东深圳龙华新区龙华街道望成路玉翠新村A区95栋102                                    查看地图	东莞 童装	https://ip3986.1688.com/page/creditdetail.htm	注册资本：无需验资 ［已认证］	深圳市龙华新区盛世华南服装销售部	13686022142	ip3986	2018-03-24	联系人：李炎亮	成立时间：2017年02月08日 ［已认证］
alibaba	经营范围：一般经营项目：   服装服饰批发零售许可经营项目：   服装服饰加工 ［已认证］	注册地址：中国广东深圳宝安区沙井街道飞扬路一号飞扬工业区6栋3楼南面                                    查看地图	东莞 童装	https://gesidifuzhuang.1688.com/page/creditdetail.htm	注册资本：无需验资 ［已认证］	深圳市宝安区沙井格思蒂服装厂	固话：0755 - 13143213338	gesidifuzhuang	2018-03-24	联系人：黎朝东	成立时间：2016年07月04日 ［已认证］
alibaba	经营范围：产销、加工：服饰、服装、针织品、毛织品、梭织品、鞋帽、袜子。(依法须经批准的项目，经相关部门批准后方可开展经营活动)〓 ［已认证］	注册地址：中国广东东莞大朗镇大井头社区盈丰五街22号                                    查看地图	东莞 童装	https://taidieey.1688.com/page/creditdetail.htm	注册资本：人民币100万元 ［已认证］	东莞市大朗泰蝶服饰源头厂家	18664185428	taidieey	2018-03-24	联系人：伍东泰	成立时间：2017年08月10日 ［已认证］
alibaba	经营范围：一般经营项目：   服装服饰批发零售许可经营项目：   服装服饰加工 ［已认证］	注册地址：中国广东深圳宝安区沙井街道飞扬路一号飞扬工业区6栋3楼南面                                    查看地图	东莞 童装	https://gesidifuzhuang.1688.com/page/creditdetail.htm	注册资本：无需验资 ［已认证］	深圳市宝安区沙井格思蒂服装厂	固话：0755 - 13143213338	gesidifuzhuang	2018-03-24	联系人：黎朝东	成立时间：2016年07月04日 ［已认证］
alibaba	经营范围：批发、零售：童装。 ［已认证］	注册地址：中国广东东莞虎门镇沙太路81号之99号铺位                                    查看地图	东莞 童装	https://son86.1688.com/page/creditdetail.htm	注册资本：无需验资 ［已认证］	东莞市虎门郎郎维奇童装店	18002966283	son86	2018-03-24	联系人：王刚	成立时间：2012年03月15日 ［已认证］
alibaba	经营范围：产销：服装、服饰配件、纺织品、箱包、袋、帽、文具、电子产品、五金制品、塑胶制品、运动用品；销售：印刷制品、包装制品、工艺礼品；货物进出口、技术进出口。(依法须经.. ［已认证］	注册地址：中国广东东莞茶山镇增埗村卢屋工业区                                    查看地图	东莞 童装	https://pannuofuzhuang.1688.com/page/creditdetail.htm	注册资本：人民币500万元 ［已认证］	东莞盼诺实业源头厂家	13729914512	pannuofuzhuang	2018-03-24	联系人：简丽珍	成立时间：2015年08月21日 ［已认证］
alibaba	经营范围：一般经营项目：   服装、服饰的批发零售。（法律、行政法规禁止的项目除外；法律、行政法规限制的项目须取得许可后方可经营）许可经营项目：   服装、服饰的生产加工.. ［已认证］	注册地址：中国广东深圳龙华新区民治街道民治第一工业区3栋1楼                                    查看地图	东莞 童装	https://yichengyi.1688.com/page/creditdetail.htm	注册资本：无需验资 ［已认证］	深圳市龙华新区壹成衣服装厂	13669899924	yichengyi	2018-03-24	联系人：陆诗丹	成立时间：2016年06月14日 ［已认证］
alibaba	经营范围：生产、销售：服装、鞋帽、针纺织品、箱包；销售：纺织品材料、服装材料、日用品；服装加工、设计；企业营销策划；企业形象设计；企业管理咨询服务。(依法须经批准的项目，.. ［已认证］	注册地址：中国广东东莞大朗镇佛新社区银源一街36号                                    查看地图	东莞 童装	https://hedaier.1688.com/page/creditdetail.htm	注册资本：人民币200万元 ［已认证］	合黛儿官方旗舰店	18188831372	hedaier	2018-03-24	联系人：	成立时间：2017年04月12日 ［已认证］
alibaba	经营范围：一般经营项目:???服装批发零售许可经营项目:???服装生产加工，(建设项目环境影响审批，申报建设工程消防验收) ［已认证］	注册地址：中国广东深圳南山区沙河街道白石洲村沙河工业区38栋603号                                    查看地图	东莞 童装	https://shop1459528887738.1688.com/page/creditdetail.htm	注册资本：无需验资 ［已认证］	深圳市南山区衣乃馨制衣厂	13266835503	shop1459528887738	2018-03-24	联系人：李润青	成立时间：2016年03月29日 ［已认证］
alibaba	经营范围：网上销售、销售：服饰、鞋类、饰品。 ［已认证］	注册地址：中国广东东莞樟木头镇柏地银河北路13号二楼（集群注册）                                    查看地图	东莞 童装	https://samgamibabynkids.1688.com/page/creditdetail.htm	注册资本：人民币100万元 ［已认证］	samgami baby官方旗舰店	18718878600	samgamibabynkids	2018-03-24	联系人：刘巧辉	成立时间：2016年05月26日 ［已认证］
alibaba	经营范围：一般经营项目：批发、零售：服装。 许可经营项目：无（一般经营项目可以自主经营；许可经营项目凭批准文件、证件经营） ［已认证］	注册地址：中国广东东莞厚街镇南五村岭祥街六巷3号                                    查看地图	东莞 童装	https://penghongfuzhuang.1688.com/page/creditdetail.htm	注册资本：无需验资 ［已认证］	东莞市厚街鹏鸿服装经营部	13544666808	penghongfuzhuang	2018-03-24	联系人：林春龙	成立时间：2014年01月08日 ［已认证］
alibaba	经营范围：产销、加工：服饰、服装、针织品、毛织品、梭织品、鞋帽、袜子。(依法须经批准的项目，经相关部门批准后方可开展经营活动)〓 ［已认证］	注册地址：中国广东东莞大朗镇大井头社区盈丰五街22号                                    查看地图	东莞 童装	https://taidieey.1688.com/page/creditdetail.htm	注册资本：人民币100万元 ［已认证］	东莞市大朗泰蝶服饰源头厂家	18664185428	taidieey	2018-03-24	联系人：伍东泰	成立时间：2017年08月10日 ［已认证］
alibaba	经营范围：设计、生产、销售：服饰、服装；销售：毛纱、纺织原料、服装辅料（不含危险化学品）；货物进出口、技术进出口。 (依法须经批准的项目，经相关部门批准后方可开展.. ［已认证］	注册地址：中国广东东莞大朗镇大井头社区盈丰路13号                                    查看地图	东莞 童装	https://ybh158.1688.com/page/creditdetail.htm	注册资本：人民币50万元 ［已认证］	远博服饰源头厂家	13238302536	ybh158	2018-03-24	联系人：单国军	成立时间：2009年05月21日 ［已认证］
alibaba	经营范围：一般经营项目:服装批发与零售。（法律、行政法规禁止的项目除外；法律、行政法规限制的项目须取得许可后方可经营） ［已认证］	注册地址：中国广东深圳龙华新区龙华街道望成路玉翠新村A区95栋102                                    查看地图	东莞 童装	https://ip3986.1688.com/page/creditdetail.htm	注册资本：无需验资 ［已认证］	深圳市龙华新区盛世华南服装销售部	13686022142	ip3986	2018-03-24	联系人：李炎亮	成立时间：2017年02月08日 ［已认证］
alibaba	经营范围：生产、销售：服装、纺织品。经营本企业自产产品及技术的出口业务；经营本企业生产所需的原辅材料、仪器仪表、机械设备、零配件及技术的进口业务（国家限定公司经营和国家禁.. ［已认证］	注册地址：中国广东东莞万江区新和社区创业工业园                                    查看地图	东莞 童装	https://dgzhonglingshiye.1688.com/page/creditdetail.htm	注册资本：人民币3,000万元 ［已认证］	Comsoft官方旗舰店	13537246560	dgzhonglingshiye	2018-03-24	联系人：庾玉清	成立时间：1999年05月14日 ［已认证］
alibaba	经营范围：产销：服装、服饰。 ［已认证］	注册地址：中国广东东莞虎门镇龙眼社区东七路八巷51号                                    查看地图	东莞 童装	https://yuchunfuzhang.1688.com/page/creditdetail.htm	注册资本：人民币50万元 ［已认证］	东莞裕纯服装源头厂家	固话：0769 - 85199079	yuchunfuzhang	2018-03-24	联系人：范活红	成立时间：2012年08月13日 ［已认证］
alibaba	经营范围：生产、销售：服装、服饰、服装辅料、布料、鞋、帽。 ［已认证］	注册地址：中国广东东莞大朗镇黎贝岭村聚新四路183号尚美汇大厦四楼6号                                    查看地图	东莞 童装	https://chunzhihuatz.1688.com/page/creditdetail.htm	注册资本：人民币100万元 ［已认证］	春之花童装源头厂家	13790599596	chunzhihuatz	2018-03-24	联系人：王桂凤	成立时间：2017年04月14日 ［已认证］
alibaba	经营范围：一般经营项目:???服装、内衣、鞋帽、纺织面料、纺织品批发零售许可经营项目:???服装、内衣、鞋帽、纺织面料、纺织品加工 ［已认证］	注册地址：中国广东深圳宝安区沙井街道万安路20号长兴科技园197栋1楼                                    查看地图	东莞 童装	https://shop1466788724260.1688.com/page/creditdetail.htm	注册资本：无需验资 ［已认证］	深圳市宝安区沙井菲米尔服装厂	18575982021	shop1466788724260	2018-03-24	联系人：梁逢辉	成立时间：2016年06月21日 ［已认证］
alibaba	经营范围：一般经营项目:服装、服饰批发零售 ［已认证］	注册地址：中国广东深圳龙岗区平湖街道华南大道一号华南国际纺织服装原辅料物流区二期3层3D-118号                                    查看地图	东莞 童装	https://shop1427388215358.1688.com/page/creditdetail.htm	注册资本：无需验资 ［已认证］	深圳市龙岗区掘金者服装贸易商行	13554709424	shop1427388215358	2018-03-24	联系人：高方祥	成立时间：2015年03月17日 ［已认证］
alibaba	经营范围：产销：服装、转印设备、打印耗材、办公用品、电子产品、工艺品、模具钢材、陶瓷制品、五金制品。                                (.. ［已认证］	注册地址：中国广东东莞长安镇上沙社区沙朗区荣富路22号厂房第一栋3楼                                    查看地图	东莞 童装	https://tandythrui.1688.com/page/creditdetail.htm	注册资本：人民币50万元 ［已认证］	东莞市盛容实业有限公司	13751207968	tandythrui	2018-03-24	联系人：蔡家林	成立时间：2012年12月06日 ［已认证］
alibaba	经营范围：一般经营项目:服装批发零售 许可经营项目:服装生产加工 ［已认证］	注册地址：中国广东深圳南山区桃源街道桃园大新新村97栋301                                    查看地图	东莞 童装	https://xg10328.1688.com/page/creditdetail.htm	注册资本：无需验资 ［已认证］	深圳市南山区香广服饰厂	13728140794	xg10328	2018-03-24	联系人：叶香伟	成立时间：2015年09月10日 ［已认证］
alibaba	经营范围：批发、零售：服装、服饰。 (依法须经批准的项目，经相关部门批准后方可开展经营活动)〓 ［已认证］	注册地址：中国广东东莞万江街道石美社区环城街76号                                    查看地图	东莞 童装	https://shop1467825109783.1688.com/page/creditdetail.htm	注册资本：无需验资 ［已认证］	东莞市万江鼎盛服装销售部	13537285894	shop1467825109783	2018-03-24	联系人：龙凤秀	成立时间：2016年06月24日 ［已认证］
alibaba	经营范围：一般经营项目:经营电子商务；童装的销售；国内贸易；货物及技术进出口。（法律、行政法规禁止的项目除外；法律、行政法规限制的项目须取得许可后方可经营） ［已认证］	注册地址：中国广东深圳龙华新区大浪街道龙胜一队54栋602室                                    查看地图	东莞 童装	https://shop1489770255597.1688.com/page/creditdetail.htm	注册资本：人民币50万元 ［已认证］	深圳市志涛电子商务有限公司	18027093637	shop1489770255597	2018-03-24	联系人：周勇	成立时间：2015年09月10日 ［已认证］
alibaba	经营范围：一般经营项目：   服装、服饰的批发零售。许可经营项目：   服装、服饰的生产加工。 ［已认证］	注册地址：中国广东深圳龙华新区大浪街道罗屋围工业区2栋2楼                                    查看地图	东莞 童装	https://fzyijiayi.1688.com/page/creditdetail.htm	注册资本：无需验资 ［已认证］	深圳市龙华新区毅家依服装厂	18929739973	fzyijiayi	2018-03-24	联系人：方冰冰	成立时间：2016年06月15日 ［已认证］
alibaba	经营范围：网络销售、销售：服装、鞋、帽、饰品。(依法须经批准的项目，经相关部门批准后方可开展经营活动)〓 ［已认证］	注册地址：中国广东东莞大朗镇高英村东英路37-39号君诚科技大厦5楼                                    查看地图	东莞 童装	https://shop4o68699646gc5.1688.com/page/creditdetail.htm	注册资本：人民币100万元 ［已认证］	东莞市纯美服饰贸易有限公司	固话：0769 - 23033996	shop4o68699646gc5	2018-03-24	联系人：东莞市纯美服饰贸易有限公司	成立时间：2009年06月09日 ［已认证］
alibaba	经营范围：一般经营项目:服装批发零售。 ［已认证］	注册地址：中国广东深圳南山区蛇口街道南水路51-2号                                    查看地图	东莞 童装	https://huanmenglin.1688.com/page/creditdetail.htm	注册资本：无需验资 ［已认证］	深圳市南山区幻梦林服装贸易商行	15012743932	huanmenglin	2018-03-24	联系人：梁小凤	成立时间：2016年07月21日 ［已认证］
alibaba	经营范围：加工、产销：服装、玩具。 ［已认证］	注册地址：中国广东东莞茶山镇卢边村大基埔工业区                                    查看地图	东莞 童装	https://aomaili.1688.com/page/creditdetail.htm	注册资本：人民币50万元 ［已认证］	奥迈丽制衣源头厂家	18998018889	aomaili	2018-03-24	联系人：彭小艳	成立时间：2016年12月20日 ［已认证］
alibaba	经营范围：服装、服饰的批发和销售。 ［已认证］	注册地址：中国广东深圳龙岗区龙岗街道龙岗墟社区兴隆街47号101                                    查看地图	东莞 童装	https://shop58416855x1797.1688.com/page/creditdetail.htm	注册资本：无需验资 ［已认证］	深圳市龙岗区唯衣蕙服装批发商行	15012703484	shop58416855x1797	2018-03-24	联系人：陆健芳	成立时间：2018年02月27日 ［已认证］
alibaba	经营范围：许可经营项目：无 一般经营项目：加工：针织品、毛织品。 ［已认证］	注册地址：中国广东东莞大朗镇巷头社区富康北一巷17号                                    查看地图	东莞 童装	https://zhixingsweater.1688.com/page/creditdetail.htm	注册资本：无需验资 ［已认证］	东莞市大朗致兴针织厂	13549314969	zhixingsweater	2018-03-24	联系人：张智勇	成立时间：2013年05月17日 ［已认证］
alibaba	经营范围：一般经营项目：批发、零售：服饰（法律、行政法规和国务院决定禁止或者规定应当取得许可的项目除外）。 许可经营项目：无（一般经营项目可以自主经营；许可经营项目凭批准.. ［已认证］	注册地址：中国广东东莞大朗镇巷头社区富康路233号毛织贸易中心A区一楼门牌为1-A056                                    查看地图	东莞 童装	https://dghtsm.1688.com/page/creditdetail.htm	注册资本：无需验资 ［已认证］	东莞市大朗汇同服饰经营部	固话：0769 - 82928644	dghtsm	2018-03-24	联系人：郭磊	成立时间：2013年11月01日 ［已认证］
alibaba	经营范围：一般经营项目:服装批发与零售。（法律、行政法规禁止的项目除外；法律、行政法规限制的项目须取得许可后方可经营） ［已认证］	注册地址：中国广东深圳龙华新区龙华街道望成路玉翠新村A区95栋102                                    查看地图	东莞 童装	https://ip3986.1688.com/page/creditdetail.htm	注册资本：无需验资 ［已认证］	深圳市龙华新区盛世华南服装销售部	13686022142	ip3986	2018-03-24	联系人：李炎亮	成立时间：2017年02月08日 ［已认证］
alibaba	经营范围：批发、零售：童装。 ［已认证］	注册地址：中国广东东莞虎门镇沙太路81号之99号铺位                                    查看地图	东莞 童装	https://son86.1688.com/page/creditdetail.htm	注册资本：无需验资 ［已认证］	东莞市虎门郎郎维奇童装店	18002966283	son86	2018-03-24	联系人：王刚	成立时间：2012年03月15日 ［已认证］
alibaba	经营范围：一般经营项目:???服装、内衣、鞋帽、纺织面料、纺织品批发零售许可经营项目:???服装、内衣、鞋帽、纺织面料、纺织品加工 ［已认证］	注册地址：中国广东深圳宝安区沙井街道万安路20号长兴科技园197栋1楼                                    查看地图	东莞 童装	https://shop1466788724260.1688.com/page/creditdetail.htm	注册资本：无需验资 ［已认证］	深圳市宝安区沙井菲米尔服装厂	18575982021	shop1466788724260	2018-03-24	联系人：梁逢辉	成立时间：2016年06月21日 ［已认证］
alibaba	经营范围：一般经营项目:???服装批发零售许可经营项目:???服装生产加工，(建设项目环境影响审批，申报建设工程消防验收) ［已认证］	注册地址：中国广东深圳南山区沙河街道白石洲村沙河工业区38栋603号                                    查看地图	东莞 童装	https://shop1459528887738.1688.com/page/creditdetail.htm	注册资本：无需验资 ［已认证］	深圳市南山区衣乃馨制衣厂	13266835503	shop1459528887738	2018-03-24	联系人：李润青	成立时间：2016年03月29日 ［已认证］
alibaba	经营范围：产销、加工：服饰、服装、针织品、毛织品、梭织品、鞋帽、袜子。(依法须经批准的项目，经相关部门批准后方可开展经营活动)〓 ［已认证］	注册地址：中国广东东莞大朗镇大井头社区盈丰五街22号                                    查看地图	东莞 童装	https://taidieey.1688.com/page/creditdetail.htm	注册资本：人民币100万元 ［已认证］	东莞市大朗泰蝶服饰源头厂家	18664185428	taidieey	2018-03-24	联系人：伍东泰	成立时间：2017年08月10日 ［已认证］
alibaba	经营范围：一般经营项目：服装销售。许可经营项目：服装生产加工。 ［已认证］	注册地址：中国广东深圳龙华区龙华街道华达路77号和平工业园A202                                    查看地图	东莞 童装	https://shop634g679ee7967.1688.com/page/creditdetail.htm	注册资本：无需验资 ［已认证］	深圳市龙华区可衣凡服装厂	固话：131 - 43281654	shop634g679ee7967	2018-03-24	联系人：郑智桃	成立时间：2017年06月07日 ［已认证］
alibaba	经营范围：生产、销售：服装、服饰、服装辅料、布料、鞋、帽。 ［已认证］	注册地址：中国广东东莞大朗镇黎贝岭村聚新四路183号尚美汇大厦四楼6号                                    查看地图	东莞 童装	https://chunzhihuatz.1688.com/page/creditdetail.htm	注册资本：人民币100万元 ［已认证］	春之花童装源头厂家	13790599596	chunzhihuatz	2018-03-24	联系人：王桂凤	成立时间：2017年04月14日 ［已认证］
alibaba	经营范围：一般经营项目：   服装服饰批发零售许可经营项目：   服装服饰加工 ［已认证］	注册地址：中国广东深圳宝安区沙井街道飞扬路一号飞扬工业区6栋3楼南面                                    查看地图	东莞 童装	https://gesidifuzhuang.1688.com/page/creditdetail.htm	注册资本：无需验资 ［已认证］	深圳市宝安区沙井格思蒂服装厂	固话：0755 - 13143213338	gesidifuzhuang	2018-03-24	联系人：黎朝东	成立时间：2016年07月04日 ［已认证］
alibaba	经营范围：一般经营项目：   服装、服饰的批发零售。（法律、行政法规禁止的项目除外；法律、行政法规限制的项目须取得许可后方可经营）许可经营项目：   服装、服饰的生产加工.. ［已认证］	注册地址：中国广东深圳龙华新区民治街道民治第一工业区3栋1楼                                    查看地图	东莞 童装	https://yichengyi.1688.com/page/creditdetail.htm	注册资本：无需验资 ［已认证］	深圳市龙华新区壹成衣服装厂	13669899924	yichengyi	2018-03-24	联系人：陆诗丹	成立时间：2016年06月14日 ［已认证］
alibaba	经营范围：生产、销售：服装、鞋帽、针纺织品、箱包；销售：纺织品材料、服装材料、日用品；服装加工、设计；企业营销策划；企业形象设计；企业管理咨询服务。(依法须经批准的项目，.. ［已认证］	注册地址：中国广东东莞大朗镇佛新社区银源一街36号                                    查看地图	东莞 童装	https://hedaier.1688.com/page/creditdetail.htm	注册资本：人民币200万元 ［已认证］	合黛儿官方旗舰店	18188831372	hedaier	2018-03-24	联系人：	成立时间：2017年04月12日 ［已认证］
alibaba	经营范围：一般经营项目：批发、零售：服装。 许可经营项目：无（一般经营项目可以自主经营；许可经营项目凭批准文件、证件经营） ［已认证］	注册地址：中国广东东莞厚街镇南五村岭祥街六巷3号                                    查看地图	东莞 童装	https://penghongfuzhuang.1688.com/page/creditdetail.htm	注册资本：无需验资 ［已认证］	东莞市厚街鹏鸿服装经营部	13544666808	penghongfuzhuang	2018-03-24	联系人：林春龙	成立时间：2014年01月08日 ［已认证］
alibaba	经营范围：网上销售、销售：服饰、鞋类、饰品。 ［已认证］	注册地址：中国广东东莞樟木头镇柏地银河北路13号二楼（集群注册）                                    查看地图	东莞 童装	https://samgamibabynkids.1688.com/page/creditdetail.htm	注册资本：人民币100万元 ［已认证］	samgami baby官方旗舰店	18718878600	samgamibabynkids	2018-03-24	联系人：刘巧辉	成立时间：2016年05月26日 ［已认证］
alibaba	经营范围：产销：服装、服饰。 ［已认证］	注册地址：中国广东东莞虎门镇龙眼社区东七路八巷51号                                    查看地图	东莞 童装	https://yuchunfuzhang.1688.com/page/creditdetail.htm	注册资本：人民币50万元 ［已认证］	东莞裕纯服装源头厂家	固话：0769 - 85199079	yuchunfuzhang	2018-03-24	联系人：范活红	成立时间：2012年08月13日 ［已认证］
alibaba	经营范围：产销：服装、服饰配件、纺织品、箱包、袋、帽、文具、电子产品、五金制品、塑胶制品、运动用品；销售：印刷制品、包装制品、工艺礼品；货物进出口、技术进出口。(依法须经.. ［已认证］	注册地址：中国广东东莞茶山镇增埗村卢屋工业区                                    查看地图	东莞 童装	https://pannuofuzhuang.1688.com/page/creditdetail.htm	注册资本：人民币500万元 ［已认证］	东莞盼诺实业源头厂家	13729914512	pannuofuzhuang	2018-03-24	联系人：简丽珍	成立时间：2015年08月21日 ［已认证］
alibaba	经营范围：设计、生产、销售：服饰、服装；销售：毛纱、纺织原料、服装辅料（不含危险化学品）；货物进出口、技术进出口。 (依法须经批准的项目，经相关部门批准后方可开展.. ［已认证］	注册地址：中国广东东莞大朗镇大井头社区盈丰路13号                                    查看地图	东莞 童装	https://ybh158.1688.com/page/creditdetail.htm	注册资本：人民币50万元 ［已认证］	远博服饰源头厂家	13238302536	ybh158	2018-03-24	联系人：单国军	成立时间：2009年05月21日 ［已认证］
alibaba	经营范围：产销：服饰、服装。 ［已认证］	注册地址：中国广东东莞虎门镇东风建设路92号二楼                                    查看地图	东莞 童装	https://shop1446482987408.1688.com/page/creditdetail.htm	注册资本：人民币100万元 ［已认证］	东莞市洋泰服饰有限公司	13829129830	shop1446482987408	2018-03-24	联系人：杨彪	成立时间：2014年06月19日 ［已认证］
alibaba	经营范围：销售：服饰、服装。 ［已认证］	注册地址：中国广东东莞虎门镇大莹东方国际服装商贸城4楼F417铺位                                    查看地图	东莞 童装	https://gewaifs.1688.com/page/creditdetail.htm	注册资本：无需验资 ［已认证］	东莞市虎门格外服饰商行	*	gewaifs	2018-03-24	联系人：李峰	成立时间：2012年08月16日 ［已认证］
alibaba	经营范围：一般经营项目：   服装、服饰的批发零售。许可经营项目：   服装、服饰的生产加工。 ［已认证］	注册地址：中国广东深圳龙华新区大浪街道罗屋围工业区2栋2楼                                    查看地图	东莞 童装	https://fzyijiayi.1688.com/page/creditdetail.htm	注册资本：无需验资 ［已认证］	深圳市龙华新区毅家依服装厂	18929739973	fzyijiayi	2018-03-24	联系人：方冰冰	成立时间：2016年06月15日 ［已认证］
alibaba	经营范围：服装、服饰的批发和销售。 ［已认证］	注册地址：中国广东深圳龙岗区龙岗街道龙岗墟社区兴隆街47号101                                    查看地图	东莞 童装	https://shop58416855x1797.1688.com/page/creditdetail.htm	注册资本：无需验资 ［已认证］	深圳市龙岗区唯衣蕙服装批发商行	15012703484	shop58416855x1797	2018-03-24	联系人：陆健芳	成立时间：2018年02月27日 ［已认证］
alibaba	经营范围：一般经营项目:服装批发零售 许可经营项目:服装生产加工 ［已认证］	注册地址：中国广东深圳南山区桃源街道桃园大新新村97栋301                                    查看地图	东莞 童装	https://xg10328.1688.com/page/creditdetail.htm	注册资本：无需验资 ［已认证］	深圳市南山区香广服饰厂	13728140794	xg10328	2018-03-24	联系人：叶香伟	成立时间：2015年09月10日 ［已认证］
alibaba	经营范围：批发、零售：服装、服饰。(依法须经批准的项目，经相关部门批准后方可开展经营活动)〓 ［已认证］	注册地址：中国广东东莞虎门镇金洲社区郭武河边路1号顺盛大厦1118室                                    查看地图	东莞 童装	https://shop138653na05986.1688.com/page/creditdetail.htm	注册资本：人民币50万元 ［已认证］	东莞市二人前贸易有限公司	13431358481	shop138653na05986	2018-03-24	联系人：梁少峰	成立时间：2017年04月24日 ［已认证］
alibaba	经营范围：一般经营项目：批发、零售：服饰（法律、行政法规和国务院决定禁止或者规定应当取得许可的项目除外）。 许可经营项目：无（一般经营项目可以自主经营；许可经营项目凭批准.. ［已认证］	注册地址：中国广东东莞大朗镇巷头社区富康路233号毛织贸易中心A区一楼门牌为1-A056                                    查看地图	东莞 童装	https://dghtsm.1688.com/page/creditdetail.htm	注册资本：无需验资 ［已认证］	东莞市大朗汇同服饰经营部	固话：0769 - 82928644	dghtsm	2018-03-24	联系人：郭磊	成立时间：2013年11月01日 ［已认证］
alibaba	经营范围：一般经营项目:经营电子商务；童装的销售；国内贸易；货物及技术进出口。（法律、行政法规禁止的项目除外；法律、行政法规限制的项目须取得许可后方可经营） ［已认证］	注册地址：中国广东深圳龙华新区大浪街道龙胜一队54栋602室                                    查看地图	东莞 童装	https://shop1489770255597.1688.com/page/creditdetail.htm	注册资本：人民币50万元 ［已认证］	深圳市志涛电子商务有限公司	18027093637	shop1489770255597	2018-03-24	联系人：周勇	成立时间：2015年09月10日 ［已认证］
alibaba	经营范围：一般经营项目:服装、服饰批发零售 ［已认证］	注册地址：中国广东深圳龙岗区平湖街道华南大道一号华南国际纺织服装原辅料物流区二期3层3D-118号                                    查看地图	东莞 童装	https://shop1427388215358.1688.com/page/creditdetail.htm	注册资本：无需验资 ［已认证］	深圳市龙岗区掘金者服装贸易商行	13554709424	shop1427388215358	2018-03-24	联系人：高方祥	成立时间：2015年03月17日 ［已认证］
alibaba	经营范围：许可经营项目：无 一般经营项目：加工：针织品、毛织品。 ［已认证］	注册地址：中国广东东莞大朗镇巷头社区富康北一巷17号                                    查看地图	东莞 童装	https://zhixingsweater.1688.com/page/creditdetail.htm	注册资本：无需验资 ［已认证］	东莞市大朗致兴针织厂	13549314969	zhixingsweater	2018-03-24	联系人：张智勇	成立时间：2013年05月17日 ［已认证］
alibaba	经营范围：批发、零售：服装、服饰。 (依法须经批准的项目，经相关部门批准后方可开展经营活动)〓 ［已认证］	注册地址：中国广东东莞万江街道石美社区环城街76号                                    查看地图	东莞 童装	https://shop1467825109783.1688.com/page/creditdetail.htm	注册资本：无需验资 ［已认证］	东莞市万江鼎盛服装销售部	13537285894	shop1467825109783	2018-03-24	联系人：龙凤秀	成立时间：2016年06月24日 ［已认证］
alibaba	经营范围：网络销售、销售：服装、鞋、帽、饰品。(依法须经批准的项目，经相关部门批准后方可开展经营活动)〓 ［已认证］	注册地址：中国广东东莞大朗镇高英村东英路37-39号君诚科技大厦5楼                                    查看地图	东莞 童装	https://shop4o68699646gc5.1688.com/page/creditdetail.htm	注册资本：人民币100万元 ［已认证］	东莞市纯美服饰贸易有限公司	固话：0769 - 23033996	shop4o68699646gc5	2018-03-24	联系人：东莞市纯美服饰贸易有限公司	成立时间：2009年06月09日 ［已认证］
alibaba	经营范围：产销：服装、转印设备、打印耗材、办公用品、电子产品、工艺品、模具钢材、陶瓷制品、五金制品。                                (.. ［已认证］	注册地址：中国广东东莞长安镇上沙社区沙朗区荣富路22号厂房第一栋3楼                                    查看地图	东莞 童装	https://tandythrui.1688.com/page/creditdetail.htm	注册资本：人民币50万元 ［已认证］	东莞市盛容实业有限公司	13751207968	tandythrui	2018-03-24	联系人：蔡家林	成立时间：2012年12月06日 ［已认证］
alibaba	经营范围：一般经营项目:服装批发零售。 ［已认证］	注册地址：中国广东深圳南山区蛇口街道南水路51-2号                                    查看地图	东莞 童装	https://huanmenglin.1688.com/page/creditdetail.htm	注册资本：无需验资 ［已认证］	深圳市南山区幻梦林服装贸易商行	15012743932	huanmenglin	2018-03-24	联系人：梁小凤	成立时间：2016年07月21日 ［已认证］
alibaba	经营范围：网上销售：服装。(依法须经批准的项目，经相关部门批准后方可开展经营活动)〓 ［已认证］	注册地址：中国广东东莞寮步镇向西村257号                                    查看地图	东莞 童装	https://shop1409330498681.1688.com/page/creditdetail.htm	注册资本：无需验资 ［已认证］	东莞市寮步小欣贤童装商店	13686652809	shop1409330498681	2018-03-24	联系人：钟焕通	成立时间：2014年08月18日 ［已认证］
alibaba	经营范围：一般经营项目:童装的销售。 许可经营项目:童装的生产与加工。 ［已认证］	注册地址：中国广东深圳龙华新区龙华街道四工业区第3栋3层                                    查看地图	东莞 童装	https://shop1458665840437.1688.com/page/creditdetail.htm	注册资本：无需验资 ［已认证］	深圳市龙华新区雯爸童装制衣厂	18925750313	shop1458665840437	2018-03-24	联系人：胡点奎	成立时间：2016年03月17日 ［已认证］
alibaba	经营范围：一般经营项目:服装、服饰、鞋帽的批发零售 许可经营项目:服装、服饰、鞋帽的生产加工。 ［已认证］	注册地址：中国广东深圳宝安区福永街道兴围社区兴华路轻工业厂房第二栋第四层401                                    查看地图	东莞 童装	https://yyxs13542372438.1688.com/page/creditdetail.htm	注册资本：无需验资 ［已认证］	深圳市宝安区福永衣衣相识服装厂	13542372438	yyxs13542372438	2018-03-24	联系人：陈科杰	成立时间：2017年02月16日 ［已认证］
alibaba	经营范围：批发、零售：服装、服饰。 ［已认证］	注册地址：中国广东东莞万江街道大莲塘社区综合楼110号                                    查看地图	东莞 童装	https://shop1467825031859.1688.com/page/creditdetail.htm	注册资本：无需验资 ［已认证］	东莞市万江常衣阁服装经营部	15113880367	shop1467825031859	2018-03-24	联系人：冯正钦	成立时间：2016年06月22日 ［已认证］
alibaba	经营范围：服装批发零售。；批发零售 ［已认证］	注册地址：中国广东深圳南山区蛇口街道公园南路24-1号                                    查看地图	东莞 童装	https://shop1469552281576.1688.com/page/creditdetail.htm	注册资本：无需验资 ［已认证］	深圳市南山区来利隆服装贸易商行	13554709424	shop1469552281576	2018-03-24	联系人：高方彬	成立时间：2016年07月15日 ［已认证］
alibaba	经营范围：网上批发、零售：服装、内衣、针织品。 ［已认证］	注册地址：中国广东东莞长安镇乌沙社区李屋西坊街5号                                    查看地图	东莞 童装	https://shop1397494452588.1688.com/page/creditdetail.htm	注册资本：无需验资 ［已认证］	东莞市长安娜伊服饰电子商务商行	18319078171	shop1397494452588	2018-03-24	联系人：容万旺	成立时间：2014年04月09日 ［已认证］
alibaba	经营范围：销售：服装、鞋、服饰。 (依法须经批准的项目，经相关部门批准后方可开展经营活动)〓 ［已认证］	注册地址：中国广东东莞石排镇谷吓村太和中路北六巷十一号                                    查看地图	东莞 童装	https://shop1433868754788.1688.com/page/creditdetail.htm	注册资本：无需验资 ［已认证］	东莞市石排宝屋童装贸易部	固话：0769 - 18475418530	shop1433868754788	2018-03-24	联系人：陈康记	成立时间：2015年05月26日 ［已认证］
alibaba	经营范围：一般经营项目：服装、服饰的批发零售（法律、行政法规、国务院决定规定在登记前须批准的项目除外）许可经营项目：服装、服饰的生产加工 ［已认证］	注册地址：中国广东深圳龙华新区民治街道民治第一工业区5栋2楼                                    查看地图	东莞 童装	https://baiseyiren.1688.com/page/creditdetail.htm	注册资本：无需验资 ［已认证］	深圳市龙华新区百色伊人坊服装厂	18929739973	baiseyiren	2018-03-24	联系人：张琳	成立时间：2016年06月15日 ［已认证］
alibaba	经营范围：一般经营项目:服装服饰的生产加工及销售。 ［已认证］	注册地址：中国广东深圳宝安区沙井街道新桥社区芙蓉工业大道159号                                    查看地图	东莞 童装	https://gdhengyuanzhiyi.1688.com/page/creditdetail.htm	注册资本：无需验资 ［已认证］	深圳市宝安区沙井恒远制衣厂	15322860260	gdhengyuanzhiyi	2018-03-24	联系人：梁梅	成立时间：2014年04月09日 ［已认证］
alibaba	经营范围：销售、网络销售：玩具、服装、鞋帽、儿童用品、母婴用品、文具用品、体育用品、舞蹈用品、游泳用品、雨伞、雨衣、雨鞋、成人用品、皮具类产品、五金电子设备、工治具、电脑.. ［已认证］	注册地址：中国广东东莞横沥镇贝涌村南16街19号3层                                    查看地图	东莞 童装	https://dgym8888.1688.com/page/creditdetail.htm	注册资本：人民币100万元 ［已认证］	MAGIC CONCH/魔幻贝壳官方旗舰店	固话：0769 - 33366477	dgym8888	2018-03-24	联系人：王静	成立时间：2014年03月28日 ［已认证］
alibaba	经营范围：服装、服饰批发零售 ［已认证］	注册地址：中国广东深圳宝安区福永街道白石厦社区福永大道72号                                    查看地图	东莞 童装	https://shop7421b31747q58.1688.com/page/creditdetail.htm	注册资本：无需验资 ［已认证］	深圳市宝安区福永薇昕服饰商行	13580837853	shop7421b31747q58	2018-03-24	联系人：李运杰	成立时间：2017年08月15日 ［已认证］
alibaba	经营范围：生产和销售毛织、服装（含洗水工序）。 ［已认证］	注册地址：中国广东东莞常平镇岗梓村大埔工业区                                    查看地图	东莞 童装	https://yihuitongzhuang.1688.com/page/creditdetail.htm	注册资本：港币1,122万元 ［已认证］	东莞常平岗梓兴业针织服装有限公司	18122989198	yihuitongzhuang	2018-03-24	联系人：郑优世	成立时间：2008年12月11日 ［已认证］
alibaba	经营范围：加工：服装。 ［已认证］	注册地址：中国广东东莞虎门镇南栅南冲口十一巷三号                                    查看地图	东莞 童装	https://shop1459271376210.1688.com/page/creditdetail.htm	注册资本：无需验资 ［已认证］	东莞市虎门金本色制衣厂	固话：0769 - 85706776	shop1459271376210	2018-03-24	联系人：李小燕	成立时间：2010年07月09日 ［已认证］
alibaba	经营范围：一般经营项目：    服装、服饰的批发零售。 许可经营项目：    服装、服饰的生产加工。 ［已认证］	注册地址：中国广东深圳龙岗区龙城街道爱联新屯东2巷5号3楼                                    查看地图	东莞 童装	https://shop1468343136495.1688.com/page/creditdetail.htm	注册资本：无需验资 ［已认证］	深圳市龙岗区菜来依服装制衣厂	13068513823	shop1468343136495	2018-03-24	联系人：张博超	成立时间：2016年07月04日 ［已认证］
alibaba	经营范围：批发、零售：服装。 (依法须经批准的项目，经相关部门批准后方可开展经营活动)〓 ［已认证］	注册地址：中国广东东莞大岭山镇中兴路163号                                    查看地图	东莞 童装	https://yeu16998.1688.com/page/creditdetail.htm	注册资本：无需验资 ［已认证］	东莞市大岭山金宝宝外贸童装批发行	15899683132	yeu16998	2018-03-24	联系人：叶建英	成立时间：2010年06月02日 ［已认证］
alibaba	经营范围：一般经营项目：批发、零售：服装。 许可经营项目：无。（一般经营项目可以自主经营；许可经营项目凭批准文件、证件经营）(依法须经批准的项目，经相关部门批准后方可开展.. ［已认证］	注册地址：中国广东东莞厚街镇南五村岭祥街六巷5号                                    查看地图	东莞 童装	https://shehuafaalibaba.1688.com/page/creditdetail.htm	注册资本：无需验资 ［已认证］	东莞市厚街深华发服装经营部	13712720012	shehuafaalibaba	2018-03-24	联系人：万百强	成立时间：2013年08月02日 ［已认证］
alibaba	经营范围：零售：服饰。 ［已认证］	注册地址：中国广东东莞大朗镇巷头社区大朗怡景花园A5-304房                                    查看地图	东莞 童装	https://ylaiya.1688.com/page/creditdetail.htm	注册资本：无需验资 ［已认证］	东莞市大朗依莱娅服饰店	13480885660	ylaiya	2018-03-24	联系人：陈飞	成立时间：2013年10月25日 ［已认证］
alibaba	经营范围：生产、加工、销售：服饰、服装。 ［已认证］	注册地址：中国广东东莞虎门镇北栅西坊区西兴六街五号四楼                                    查看地图	东莞 童装	https://yonghao168.1688.com/page/creditdetail.htm	注册资本：人民币50万元 ［已认证］	咏豪三宝官方旗舰店	18617259955	yonghao168	2018-03-24	联系人：刘咏	成立时间：2014年11月28日 ［已认证］
alibaba	经营范围：产销：服饰、服装、鞋、帽、袜、饰品、箱包。 (依法须经批准的项目，经相关部门批准后方可开展经营活动)〓 ［已认证］	注册地址：中国广东东莞虎门镇东风社区沙埗头小组建业路1号4楼402                                    查看地图	东莞 童装	https://theding.1688.com/page/creditdetail.htm	注册资本：人民币100万元 ［已认证］	东莞市与丁服饰有限公司	13532996008	theding	2018-03-24	联系人：吴彬铭	成立时间：2015年01月13日 ［已认证］
alibaba	经营范围：一般经营项目:服装的销售 许可经营项目:服装的生产加工 ［已认证］	注册地址：中国广东深圳宝安区西乡街道黄麻布第五工业区6栋3楼                                    查看地图	东莞 童装	https://jiahua.1688.com/page/creditdetail.htm	注册资本：无需验资 ［已认证］	深圳市宝安区西乡嘉华服装制衣厂	15362603517	jiahua	2018-03-24	联系人：李华威	成立时间：2014年09月09日 ［已认证］
alibaba	经营范围：加工、生产、销售：毛织品、服饰。 ［已认证］	注册地址：中国广东东莞大朗镇大井头社区富贵中区152号                                    查看地图	东莞 童装	https://shop1410453670661.1688.com/page/creditdetail.htm	注册资本：无需验资 ［已认证］	东莞市大朗逸兴毛织厂	13527929993	shop1410453670661	2018-03-24	联系人：杨宁	成立时间：2014年08月12日 ［已认证］
alibaba	经营范围：批发、零售：服装、箱包、首饰。 ［已认证］	注册地址：中国广东东莞樟木头镇樟罗社区凹芝头村四巷4号一楼                                    查看地图	东莞 童装	https://shop1466049507409.1688.com/page/creditdetail.htm	注册资本：人民币10万元 ［已认证］	东莞市鑫槿贸易有限公司	13527928855	shop1466049507409	2018-03-24	联系人：吴东淑	成立时间：2016年06月08日 ［已认证］
alibaba	经营范围：零售：毛衣、服装。 ［已认证］	注册地址：中国广东东莞大朗镇黎贝岭村聚新四路183号尚美汇大厦四楼C区                                    查看地图	东莞 童装	https://weidongtz.1688.com/page/creditdetail.htm	注册资本：无需验资 ［已认证］	东莞市大朗韦东毛衣店	13790599596	weidongtz	2018-03-24	联系人：王桂凤	成立时间：2012年09月21日 ［已认证］
alibaba	经营范围：一般经营项目：   服装的批发零售许可经营项目：   服装的生产加工 ［已认证］	注册地址：中国广东深圳龙岗区龙岗街道龙东社区南通道利好工业园七栋四楼                                    查看地图	东莞 童装	https://shop1431622328148.1688.com/page/creditdetail.htm	注册资本：无需验资 ［已认证］	深圳市龙岗区万冠龙娇服装厂	13265032553	shop1431622328148	2018-03-24	联系人：张威龙	成立时间：2015年05月08日 ［已认证］
alibaba	经营范围：生产、加工、销售：服装。 ［已认证］	注册地址：中国广东东莞虎门镇龙眼村一路40号A栋四楼401B                                    查看地图	东莞 童装	https://shop1459184654063.1688.com/page/creditdetail.htm	注册资本：人民币100万元 ［已认证］	东莞市思比诺服装有限公司	13533784977	shop1459184654063	2018-03-24	联系人：林震华	成立时间：2015年10月29日 ［已认证］
alibaba	注册资本：RMB 0 万元	注册地址：龙华新区龙华街道望成路玉翠新村A区95栋101                                    查看地图	东莞 童装	https://myz6688.1688.com/page/creditdetail.htm	成立时间：2016-12-29	深圳市龙华新区美壹站服装商行	17303031624	myz6688	2018-03-24	联系人：郑灿	企业名称：深圳市龙华新区美壹站服装商行 ［已认证］
alibaba	经营范围：产销：服装、运动用品。 ［已认证］	注册地址：中国广东东莞茶山镇茶山村吉街工业区                                    查看地图	东莞 童装	https://shop1467221020957.1688.com/page/creditdetail.htm	注册资本：无需验资 ［已认证］	东莞市茶山豪林服饰厂	固话：0769 - 83002193	shop1467221020957	2018-03-24	联系人：黄崇源	成立时间：2016年06月20日 ［已认证］
alibaba	经营范围：许可经营项目：无。 一般经营项目：销售：童装。 ［已认证］	注册地址：中国广东东莞虎门镇永安路41号之二楼B39号铺                                    查看地图	东莞 童装	https://humenxhwmtz.1688.com/page/creditdetail.htm	注册资本：无需验资 ［已认证］	东莞市虎门喜红童装店	15322878926	humenxhwmtz	2018-03-24	联系人：范四红	成立时间：2013年05月29日 ［已认证］
alibaba	经营范围：童装批发零售 ［已认证］	注册地址：中国广东深圳龙岗区龙城街道爱联社区A区3巷4号606                                    查看地图	东莞 童装	https://maomaokids.1688.com/page/creditdetail.htm	注册资本：无需验资 ［已认证］	深圳市龙岗区毛毛原单童装店	固话：0755 - 13590210143	maomaokids	2018-03-24	联系人：毛丹	成立时间：2013年05月30日 ［已认证］
alibaba	经营范围：一般经营项目:服装的批发零售 ［已认证］	注册地址：中国广东深圳龙岗区布吉街道德兴城19栋2号铺                                    查看地图	东莞 童装	https://shop1426005850210.1688.com/page/creditdetail.htm	注册资本：无需验资 ［已认证］	深圳市龙岗区大鸿飞舞服装贸易商行	13692515072	shop1426005850210	2018-03-24	联系人：刘鸿	成立时间：2015年03月04日 ［已认证］
alibaba	经营范围：产销：服饰、服装。 ［已认证］	注册地址：中国广东东莞虎门镇东风建设路92号二楼                                    查看地图	东莞 童装	https://shop1404924677174.1688.com/page/creditdetail.htm	注册资本：人民币100万元 ［已认证］	Ruralrat/田园鼠官方旗舰店	固话：0769 - 81285255	shop1404924677174	2018-03-24	联系人：杨彪	成立时间：2014年06月19日 ［已认证］
alibaba	经营范围：童装的批发零售 ［已认证］	注册地址：中国广东深圳宝安区西乡街道宝莲新村八巷22号一楼102                                    查看地图	东莞 童装	https://haoxinfuzhuang88.1688.com/page/creditdetail.htm	注册资本：无需验资 ［已认证］	深圳市宝安区西乡卡特利特童装行	18025128008	haoxinfuzhuang88	2018-03-24	联系人：程红伟	成立时间：2013年06月24日 ［已认证］
alibaba	经营范围：一般经营项目：    服装的销售 许可经营项目：    服装的生产加工 ［已认证］	注册地址：中国广东深圳龙岗区南湾街道上李朗平吉大道2号汇富工业区D栋2楼                                    查看地图	东莞 童装	https://bbqchoses.1688.com/page/creditdetail.htm	注册资本：无需验资 ［已认证］	深圳市龙岗区南湾伟熙制衣厂	13652554840	bbqchoses	2018-03-24	联系人：卢伟强	成立时间：2015年04月21日 ［已认证］
alibaba	经营范围：销售：服装。 ［已认证］	注册地址：中国广东东莞万江街道蚬涌社区梅树墩向阳路二巷1号商铺                                    查看地图	东莞 童装	https://shop1467220859426.1688.com/page/creditdetail.htm	注册资本：无需验资 ［已认证］	东莞市万江衫舞飞扬服装贸易商行	13038801332	shop1467220859426	2018-03-24	联系人：谭国龙	成立时间：2016年06月21日 ［已认证］
alibaba	经营范围：服装批发 ［已认证］	注册地址：中国广东深圳龙岗区坂田街道南坑社区麒麟路8号三栋201                                    查看地图	东莞 童装	https://shop75950i392ow00.1688.com/page/creditdetail.htm	注册资本：无需验资 ［已认证］	深圳市龙岗区澜衣诺服装批发商行	13510672179	shop75950i392ow00	2018-03-24	联系人：张万旋	成立时间：2018年03月05日 ［已认证］
alibaba	经营范围：一般经营项目:服装销售。 许可经营项目:服装生产、加工。 ［已认证］	注册地址：中国广东深圳南山区西丽街道官龙村旺堂工业区6栋2楼                                    查看地图	东莞 童装	https://shop1457110720700.1688.com/page/creditdetail.htm	注册资本：无需验资 ［已认证］	深圳市南山区莱衣枫服装厂	15986619710	shop1457110720700	2018-03-24	联系人：何科霖	成立时间：2016年03月01日 ［已认证］
alibaba	注册资本：RMB 0 万元	注册地址：大朗镇求富路社区三区110号                                    查看地图	东莞 童装	https://wakakatz.1688.com/page/creditdetail.htm	成立时间：2017-03-15	东莞市大朗哇咔咔童装店	13480885660	wakakatz	2018-03-24	联系人：陈飞	企业名称：东莞市大朗哇咔咔童装店 ［已认证］
alibaba	经营范围：批发、零售：服装。?（依法须经批准的项目，经相关部门批准后方可开展经营活动）〓 ［已认证］	注册地址：中国广东东莞桥头镇田头角村旧围（二）25号                                    查看地图	东莞 童装	https://shop1458665904633.1688.com/page/creditdetail.htm	注册资本：无需验资 ［已认证］	东莞市桥头依凡服装经营部	15816836536	shop1458665904633	2018-03-24	联系人：梁育柱	成立时间：2014年12月02日 ［已认证］
alibaba	经营范围：产销：毛织品。(依法须经批准的项目，经相关部门批准后方可开展经营活动)〓 ［已认证］	注册地址：中国广东东莞大朗镇长塘社区大井公205号                                    查看地图	东莞 童装	https://ameimaozhi.1688.com/page/creditdetail.htm	注册资本：无需验资 ［已认证］	东莞市大朗阿美毛织加工厂	13713065928	ameimaozhi	2018-03-24	联系人：黄美兰	成立时间：2015年04月02日 ［已认证］
alibaba	经营范围：销售：服装、服饰、鞋、帽、箱包、皮具。 ［已认证］	注册地址：中国广东东莞虎门镇裕隆小商品批发市场第三层A23号铺                                    查看地图	东莞 童装	https://shop1434387005515.1688.com/page/creditdetail.htm	注册资本：人民币100万元 ［已认证］	东莞市珈蓝服装有限公司	18025107804	shop1434387005515	2018-03-24	联系人：高乐	成立时间：2015年01月20日 ［已认证］
alibaba	经营范围：批发：服装。 ［已认证］	注册地址：中国广东东莞石龙镇西湖村西湖三路北38号西湖服装批发市场66号                                    查看地图	东莞 童装	https://shop62433448ee266.1688.com/page/creditdetail.htm	注册资本：无需验资 ［已认证］	东莞市石龙艾吉拉童装商行	固话：0752 - 6905303	shop62433448ee266	2018-03-24	联系人：龚振平	成立时间：2017年02月13日 ［已认证］
alibaba	经营范围：一般经营项目:服装服饰批发零售 ［已认证］	注册地址：中国广东深圳宝安区西乡街道航城大道72号1楼                                    查看地图	东莞 童装	https://ip0702.1688.com/page/creditdetail.htm	注册资本：无需验资 ［已认证］	深圳市宝安区西乡鑫淼杰服装贸易商行	17606687659	ip0702	2018-03-24	联系人：叶杰	成立时间：2014年03月28日 ［已认证］
alibaba	经营范围：一般经营项目： 服饰批发零售许可经营项目： 以下项目涉及应取得许可审批的，须凭相关审批文件方可经营: 服装生产； ［已认证］	注册地址：中国广东深圳宝安区西乡街道西乡社区西乡大道劳动路段蟠龙居C1.C2.C3.C4C区商铺044                                    查看地图	东莞 童装	https://shop65f6274499583.1688.com/page/creditdetail.htm	注册资本：无需验资 ［已认证］	深圳市宝安区西乡新画风服装厂	17688022671	shop65f6274499583	2018-03-24	联系人：李良胜	成立时间：2018年03月05日 ［已认证］
alibaba	经营范围：生产、加工、销售：服装、服饰、玩具、婴儿日用品。 ［已认证］	注册地址：中国广东东莞万江街道共联社区古屋邨工业区C幢厂房                                    查看地图	东莞 童装	https://shuzhanzhiyi.1688.com/page/creditdetail.htm	注册资本：人民币50万元 ［已认证］	东莞市舒展制衣源头厂家	13925572191	shuzhanzhiyi	2018-03-24	联系人：李吉香	成立时间：2013年07月12日 ［已认证］
alibaba	经营范围：加工、产销：服装、玩具。 ［已认证］	注册地址：中国广东东莞茶山镇卢边村大基埔工业区                                    查看地图	东莞 童装	https://aomaili.1688.com/page/creditdetail.htm	注册资本：人民币50万元 ［已认证］	奥迈丽制衣源头厂家	18998018889	aomaili	2018-03-24	联系人：彭小艳	成立时间：2016年12月20日 ［已认证］
alibaba	经营范围：一般经营项目:服装的销售。（法律、行政法规、国务院决定禁止的项目除外，限制的项目须取得许可后方可经营） 许可经营项目:服装生产加工。 ［已认证］	注册地址：中国广东深圳福田区沙头街道金地工业区116栋一楼107A号                                    查看地图	东莞 童装	https://hantongyu.1688.com/page/creditdetail.htm	注册资本：无需验资 ［已认证］	深圳市福田区韩童语制衣厂	15817706075	hantongyu	2018-03-24	联系人：李静	成立时间：2015年10月29日 ［已认证］
alibaba	经营范围：销售、网上销售:服装、鞋、帽、玩具、日用品、布料、皮革、箱包。(依法须经批准的项目，经相关部门批准后方可开展经营活动)〓 ［已认证］	注册地址：中国广东东莞东城区樟村沙井头1巷16号605室                                    查看地图	东莞 童装	https://shop1448962611433.1688.com/page/creditdetail.htm	注册资本：人民币100万元 ［已认证］	东莞哈兔童装有限公司	15820889963	shop1448962611433	2018-03-24	联系人：谢金辉	成立时间：2015年11月05日 ［已认证］
alibaba	经营范围：批发、零售：服装。(依法须经批准的项目，经相关部门批准后方可开展经营活动)〓 ［已认证］	注册地址：中国广东东莞大朗镇长塘社区荔湾西路189-8号                                    查看地图	东莞 童装	https://shop1441903859178.1688.com/page/creditdetail.htm	注册资本：无需验资 ［已认证］	东莞市大朗薇雨服装店	固话：159 - 20615843	shop1441903859178	2018-03-24	联系人：卓振群	成立时间：2015年09月06日 ［已认证］
alibaba	经营范围：销售：服装、鞋帽。 ［已认证］	注册地址：中国广东东莞虎门镇富民个体商场东区A303号铺位                                    查看地图	东莞 童装	https://jinhudie.1688.com/page/creditdetail.htm	注册资本：无需验资 ［已认证］	东莞市虎门金蝴蝶服装店	13712190260	jinhudie	2018-03-24	联系人：王惠明	成立时间：2011年03月03日 ［已认证］
alibaba	经营范围：生产、销售：服装、纺织品。经营本企业自产产品及技术的出口业务；经营本企业生产所需的原辅材料、仪器仪表、机械设备、零配件及技术的进口业务（国家限定公司经营和国家禁.. ［已认证］	注册地址：中国广东东莞万江区新和社区创业工业园                                    查看地图	东莞 童装	https://dgzhonglingshiye.1688.com/page/creditdetail.htm	注册资本：人民币3,000万元 ［已认证］	Comsoft官方旗舰店	13537246560	dgzhonglingshiye	2018-03-24	联系人：庾玉清	成立时间：1999年05月14日 ［已认证］
alibaba	注册资本：RMB 0 万元	注册地址：大朗镇巷头社区金朗北路豪华商铺27号                                    查看地图	东莞 童装	https://xiongxinmaozhi.1688.com/page/creditdetail.htm	成立时间：2015-12-23 00:00:00	东莞市大朗雄新毛织厂	13712761401	xiongxinmaozhi	2018-03-24	联系人：李井雄	企业名称：东莞市大朗雄新毛织厂 ［已认证］
alibaba	经营范围：销售：服装。 ［已认证］	注册地址：中国广东东莞虎门镇大莹银龙路大莹东方国际服装商贸城三楼天桥3008铺位                                    查看地图	东莞 童装	https://efpf1688.1688.com/page/creditdetail.htm	注册资本：无需验资 ［已认证］	东莞市虎门美恩特服装销售部	18122855085	efpf1688	2018-03-24	联系人：李华勇	成立时间：2012年02月17日 ［已认证］
alibaba	经营范围：一般经营项目：零售：服装。 许可经营项目：无（一般经营项目可以自主经营；许可经营项目凭批准文件、证件经营）(依法须经批准的项目，经相关部门批准后方可开展经营活动.. ［已认证］	注册地址：中国广东东莞厚街镇南五村岭祥街六巷3号                                    查看地图	东莞 童装	https://shop1435942759477.1688.com/page/creditdetail.htm	注册资本：无需验资 ［已认证］	东莞市厚街龙尚服装经营部	13790656033	shop1435942759477	2018-03-24	联系人：林水凤	成立时间：2014年01月17日 ［已认证］
alibaba	经营范围：销售：服装、针织品。 (依法须经批准的项目，经相关部门批准后方可开展经营活动)〓 ［已认证］	注册地址：中国广东东莞虎门镇大莹女装城三楼32、33号铺位                                    查看地图	东莞 童装	https://xinlongzzh.1688.com/page/creditdetail.htm	注册资本：人民币3万元 ［已认证］	东莞市步莎服装有限公司	15814250828	xinlongzzh	2018-03-24	联系人：俞美丽	成立时间：2011年07月14日 ［已认证］
alibaba	经营范围：设计、产销：服饰、服装、烫画、烫钻、电脑绣花制品；销售：鞋、帽、箱包、皮具、手袋、饰品、服装辅料；货物进出口、技术进出口。 ［已认证］	注册地址：中国广东东莞虎门镇社岗东坊十一巷一号                                    查看地图	东莞 童装	https://neatkids.1688.com/page/creditdetail.htm	注册资本：人民币100万元 ［已认证］	东莞市聚星树服饰有限公司	18122979188	neatkids	2018-03-24	联系人：罗哲	成立时间：2014年05月09日 ［已认证］
alibaba	经营范围：产销：服饰、服装、鞋、帽、服装辅料；货物进出口、技术进出口。 ［已认证］	注册地址：中国广东东莞虎门镇镇口第一工业区B12栋四楼之一                                    查看地图	东莞 童装	https://shophanxing.1688.com/page/creditdetail.htm	注册资本：人民币100万元 ［已认证］	东莞市翰兴服饰有限公司	13553818322	shophanxing	2018-03-24	联系人：杨启城	成立时间：2011年08月16日 ［已认证］
alibaba	经营范围：一般经营项目：批发兼零售：服装、针纺织品、鞋帽、日用品。 ［已认证］	注册地址：中国河南郑州二七区福寿街东、裕元里北万博商城二期12层12049                                    查看地图	东莞 童装	https://shop1495952827081.1688.com/page/creditdetail.htm	注册资本：人民币50万元 ［已认证］	郑州歌贝儿服饰有限公司	*	shop1495952827081	2018-03-24	联系人：赵坤震	成立时间：2012年05月23日 ［已认证］
alibaba	经营范围：一般经营项目:???服装批发零售 ［已认证］	注册地址：中国广东深圳南山区沙河街道新塘街23号102                                    查看地图	东莞 童装	https://zcyd10328.1688.com/page/creditdetail.htm	注册资本：无需验资 ［已认证］	深圳市南山区志诚远大服装贸易商行	15012743932	zcyd10328	2018-03-24	联系人：梁瑞林	成立时间：2016年04月21日 ［已认证］
alibaba	注册资本：RMB 100 万元	注册地址：大朗镇巷头社区富康南二巷十号                                    查看地图	东莞 童装	https://shop1488214767849.1688.com/page/creditdetail.htm	成立时间：2016-06-17	东莞市君艳服饰有限公司	15917735637	shop1488214767849	2018-03-24	联系人：杨兰君	企业名称：东莞市君艳服饰有限公司 ［已认证］
alibaba	经营范围：一般经营项目：服装的批发零售。许可经营项目： ［已认证］	注册地址：中国广东深圳宝安区新安街道３０区建安新村１３栋１０１号                                    查看地图	东莞 童装	https://bo6668.1688.com/page/creditdetail.htm	注册资本：无需验资 ［已认证］	深圳市宝安区新安凌衣舍服装商行	13427519221	bo6668	2018-03-24	联系人：凌云波	成立时间：2017年04月13日 ［已认证］
alibaba	经营范围：加工：服装。 ［已认证］	注册地址：中国广东东莞虎门镇博涌华远工业大厦                                    查看地图	东莞 童装	https://holahada123.1688.com/page/creditdetail.htm	注册资本：无需验资 ［已认证］	东莞市虎门永通服装厂	15626141766	holahada123	2018-03-24	联系人：方春城	成立时间：2003年05月22日 ［已认证］
alibaba	经营范围：一般经营项目:电子产品、数码产品、五金塑胶产品、电子元气件的技术开发与销售；服装服饰、箱包、玩具、配饰、工艺礼品、家居用品的销售；经营电子商务；投资兴办实业；国.. ［已认证］	注册地址：中国广东深圳南山区南头街道关口路25号翠岭大厦508                                    查看地图	东莞 童装	https://sztechking.1688.com/page/creditdetail.htm	注册资本：人民币100万元 ［已认证］	深圳市泰合信实业有限公司	18822891047	sztechking	2018-03-24	联系人：樊玲娟	成立时间：2014年09月15日 ［已认证］
alibaba	经营范围：批发、零售：毛衣、服饰。 ［已认证］	注册地址：中国广东东莞大朗镇巷头社区富康路229号纺织交易广场4号楼二楼二街215号                                    查看地图	东莞 童装	https://junhaomaoyi.1688.com/page/creditdetail.htm	注册资本：无需验资 ［已认证］	东莞市大朗骏豪毛衣批发店	13580870658	junhaomaoyi	2018-03-24	联系人：陈洁稻	成立时间：2016年06月03日 ［已认证］
alibaba	经营范围：一般经营项目：   服装的批发。许可经营项目：   服装的加工。 ［已认证］	注册地址：中国广东深圳南山区蛇口街道后海大道东角头厂区A栋5楼603号                                    查看地图	东莞 童装	https://shop1467391189488.1688.com/page/creditdetail.htm	注册资本：无需验资 ［已认证］	深圳市南山区鑫泰园制衣厂	15899671022	shop1467391189488	2018-03-24	联系人：张鸿艳	成立时间：2016年05月31日 ［已认证］
alibaba	经营范围：产销：服装、服饰、鞋、帽、箱包、手袋；货物进出口、技术进出口。 ［已认证］	注册地址：中国广东东莞虎门镇北栅西坊工业区西兴6街5号2楼                                    查看地图	东莞 童装	https://shop1495094852657.1688.com/page/creditdetail.htm	注册资本：人民币100万元 ［已认证］	宇纯服装源头厂家	13711881805	shop1495094852657	2018-03-24	联系人：谢嘉欣	成立时间：2015年08月04日 ［已认证］
alibaba	经营范围：服装的批发与零售。 ［已认证］	注册地址：中国广东深圳福田区梅林街道梅林怡景大厦605A                                    查看地图	东莞 童装	https://shop41730q1739683.1688.com/page/creditdetail.htm	注册资本：无需验资 ［已认证］	深圳市福田区郎旺服装贸易商行	13580049958	shop41730q1739683	2018-03-24	联系人：雷铭海	成立时间：2015年11月18日 ［已认证］
alibaba	注册资本：RMB 0 万元	注册地址：宝安区沙井街道辛安路北七巷4号101                                    查看地图	东莞 童装	https://shop1457456422544.1688.com/page/creditdetail.htm	成立时间：2015-04-01	深圳市宝安区沙井依梦衣源服饰经营部	17051179755	shop1457456422544	2018-03-24	联系人：林达杰	企业名称：深圳市宝安区沙井依梦衣源服饰经营部 ［已认证］
alibaba	经营范围：网上销售、销售：玩具、服装、鞋帽、儿童用品、母婴用品、文具用品、体育用品、舞蹈用品、游戏用品、雨伞、雨衣、雨鞋、成人用品、皮具类产品、五金电子设备、工治具、电脑.. ［已认证］	注册地址：中国广东东莞虎门镇九门寨环岛路24号思贤冲八巷5号1楼                                    查看地图	东莞 童装	https://zhuobalin.1688.com/page/creditdetail.htm	注册资本：人民币100万元 ［已认证］	东莞市铭云电子商务有限公司	固话：0769 - 34567891	zhuobalin	2018-03-24	联系人：毛华军	成立时间：2016年01月22日 ［已认证］
alibaba	经营范围：加工、产销：服饰、服装；销售：纺织品、服装辅料、鞋、帽、袜、皮具、箱包、饰品、玩具。 (依法须经批准的项目，经相关部门批准后方可开展经营活动)〓 ［已认证］	注册地址：中国广东东莞虎门镇新湾社区向东街一巷1号7楼701室                                    查看地图	东莞 童装	https://gdmengdoudou.1688.com/page/creditdetail.htm	注册资本：人民币50万元 ［已认证］	东莞市成熙服饰有限公司	固话：0769 - 82709761	gdmengdoudou	2018-03-24	联系人：梁泳欣	成立时间：2016年08月30日 ［已认证］
alibaba	经营范围：批发零售加工服装服饰(依法须经批准的项目，经相关部门批准后方可开展经营活动） ［已认证］	注册地址：中国山东青岛即墨市通济办事处华山二路577号11号楼117户                                    查看地图	东莞 童装	https://shop15866866626.1688.com/page/creditdetail.htm	注册资本：无需验资 ［已认证］	即墨市金舆服装厂	18669779993	shop15866866626	2018-03-24	联系人：付亮	成立时间：2015年01月06日 ［已认证］
alibaba	经营范围：一般经营项目:???服装、日用品、电子产品批发零售 ［已认证］	注册地址：中国广东深圳龙岗区布吉街道上水径义乌小商品城四楼4120                                    查看地图	东莞 童装	https://lrbx1688.1688.com/page/creditdetail.htm	注册资本：无需验资 ［已认证］	深圳市龙岗区懒人部落服饰批发行	13480140943	lrbx1688	2018-03-24	联系人：雷铭雄	成立时间：2014年02月18日 ［已认证］
alibaba	注册资本：RMB 0 万元	注册地址：南山区南头街道马家龙工业区3栋402                                    查看地图	东莞 童装	https://shop13129487585.1688.com/page/creditdetail.htm	成立时间：2015-12-26	深圳市南山区悦衣凡服装商行	13129487585	shop13129487585	2018-03-24	联系人：蔡癸盛	企业名称：深圳市南山区悦衣凡服装商行 ［已认证］
alibaba	经营范围：产销、加工：毛织品、针织品、服装。 ［已认证］	注册地址：中国广东东莞大朗镇巷头社区富康北一巷24号                                    查看地图	东莞 童装	https://shop1457542933385.1688.com/page/creditdetail.htm	注册资本：无需验资 ［已认证］	东莞市大朗全鑫毛织厂	13802866939	shop1457542933385	2018-03-24	联系人：刘国建	成立时间：2016年03月03日 ［已认证］
alibaba	经营范围：一般经营项目：服装的批发零售。许可经营项目：服装的生产加工。 ［已认证］	注册地址：中国广东深圳龙华区龙华街道油松社区东环一路东吴工业区A栋3楼                                    查看地图	东莞 童装	https://shop1493276703027.1688.com/page/creditdetail.htm	注册资本：无需验资 ［已认证］	深圳市龙华区依婷潮品服装厂	13356477161	shop1493276703027	2018-03-24	联系人：成梓玮	成立时间：2017年04月25日 ［已认证］
alibaba	经营范围：产销、加工：服装、针织品、帽子、布袋。 ［已认证］	注册地址：中国广东东莞万江街道新和社区新华南区10号二楼                                    查看地图	东莞 童装	https://ziyingdress.1688.com/page/creditdetail.htm	注册资本：人民币100万元 ［已认证］	东莞市姿莹服饰有限公司	13925813172	ziyingdress	2018-03-24	联系人：叶春梅	成立时间：2016年07月05日 ［已认证］
alibaba	经营范围：服装的批发与零售。 ［已认证］	注册地址：中国广东深圳福田区梅林街道梅林怡景大厦605A                                    查看地图	东莞 童装	https://langwangfz.1688.com/page/creditdetail.htm	注册资本：无需验资 ［已认证］	深圳市福田区郎旺服装贸易商行	13790287536	langwangfz	2018-03-24	联系人：雷铭海	成立时间：2015年11月18日 ［已认证］
alibaba	经营范围：一般经营项目：服装、服饰销售。许可经营项目：服装、服饰的生产加工. ［已认证］	注册地址：中国广东深圳龙华新区龙华街道东环一路油松第二工业园五栋103                                    查看地图	东莞 童装	https://shop1460393912220.1688.com/page/creditdetail.htm	注册资本：无需验资 ［已认证］	深圳市龙华新区百纤式服装厂	13692529457	shop1460393912220	2018-03-24	联系人：谢远望	成立时间：2016年04月06日 ［已认证］
alibaba	经营范围：产销：服饰、服装。 (依法须经批准的项目，经相关部门批准后方可开展经营活动)〓 ［已认证］	注册地址：中国广东东莞虎门镇仁义路63号三楼306                                    查看地图	东莞 童装	https://aixiulekids.1688.com/page/creditdetail.htm	注册资本：人民币100万元 ［已认证］	东莞市晟贝服饰有限公司	13415932209	aixiulekids	2018-03-24	联系人：唐丽芳	成立时间：2013年10月31日 ［已认证］
alibaba	经营范围：销售：童装、服饰。 ［已认证］	注册地址：中国广东东莞长安镇莲花广场A区2Z3F（集群注册）                                    查看地图	东莞 童装	https://taoqibi.1688.com/page/creditdetail.htm	注册资本：人民币50万元 ［已认证］	东莞市淘气比童装贸易有限公司	固话：0769 - 23010153	taoqibi	2018-03-24	联系人：陈炽森	成立时间：2015年11月11日 ［已认证］
alibaba	经营范围：产销：服装。 ［已认证］	注册地址：中国广东东莞石龙镇西湖三路45号                                    查看地图	东莞 童装	https://yaxinfz.1688.com/page/creditdetail.htm	注册资本：人民币50万元 ［已认证］	东莞市雅昕服装有限公司	13238307200	yaxinfz	2018-03-24	联系人：李永见	成立时间：2013年11月25日 ［已认证］
alibaba	经营范围：批发、零售：服装。 ［已认证］	注册地址：中国广东东莞虎门镇太宝路虎门电商产业园5栋5435号                                    查看地图	东莞 童装	https://jinran86.1688.com/page/creditdetail.htm	注册资本：无需验资 ［已认证］	东莞市虎门谨然服装批发商行	18024338230	jinran86	2018-03-24	联系人：朱菲	成立时间：2014年07月01日 ［已认证］
alibaba	经营范围：生产、加工、销售：服饰、服装、毛织品、针织品。 ［已认证］	注册地址：中国广东东莞大朗镇松柏朗村寸地岭332号                                    查看地图	东莞 童装	https://shop1467738676982.1688.com/page/creditdetail.htm	注册资本：无需验资 ［已认证］	东莞市大朗意元服饰厂	固话：0769 - 1234567	shop1467738676982	2018-03-24	联系人：李桂金	成立时间：2016年04月11日 ［已认证］
alibaba	经营范围：一般经营项目:???服装批发零售 ［已认证］	注册地址：中国广东深圳南山区沙河街道新塘街23号102                                    查看地图	东莞 童装	https://zcyd10328.1688.com/page/creditdetail.htm	注册资本：无需验资 ［已认证］	深圳市南山区志诚远大服装贸易商行	15012743932	zcyd10328	2018-03-24	联系人：梁瑞林	成立时间：2016年04月21日 ［已认证］
alibaba	经营范围：产销：服装、服饰。 ［已认证］	注册地址：中国广东东莞虎门镇龙眼社区东七路八巷51号                                    查看地图	东莞 童装	https://yuchunfuzhang.1688.com/page/creditdetail.htm	注册资本：人民币50万元 ［已认证］	东莞裕纯服装源头厂家	固话：0769 - 85199079	yuchunfuzhang	2018-03-24	联系人：范活红	成立时间：2012年08月13日 ［已认证］
alibaba	经营范围：服装、服饰批发零售 ［已认证］	注册地址：中国广东深圳宝安区福永街道白石厦社区福永大道72号                                    查看地图	东莞 童装	https://shop7421b31747q58.1688.com/page/creditdetail.htm	注册资本：无需验资 ［已认证］	深圳市宝安区福永薇昕服饰商行	13580837853	shop7421b31747q58	2018-03-24	联系人：李运杰	成立时间：2017年08月15日 ［已认证］
alibaba	经营范围：销售、网络销售：玩具、服装、鞋帽、儿童用品、母婴用品、文具用品、体育用品、舞蹈用品、游泳用品、雨伞、雨衣、雨鞋、成人用品、皮具类产品、五金电子设备、工治具、电脑.. ［已认证］	注册地址：中国广东东莞横沥镇贝涌村南16街19号3层                                    查看地图	东莞 童装	https://dgym8888.1688.com/page/creditdetail.htm	注册资本：人民币100万元 ［已认证］	MAGIC CONCH/魔幻贝壳官方旗舰店	固话：0769 - 33366477	dgym8888	2018-03-24	联系人：王静	成立时间：2014年03月28日 ［已认证］
alibaba	经营范围：生产、销售：服装、纺织品。经营本企业自产产品及技术的出口业务；经营本企业生产所需的原辅材料、仪器仪表、机械设备、零配件及技术的进口业务（国家限定公司经营和国家禁.. ［已认证］	注册地址：中国广东东莞万江区新和社区创业工业园                                    查看地图	东莞 童装	https://dgzhonglingshiye.1688.com/page/creditdetail.htm	注册资本：人民币3,000万元 ［已认证］	Comsoft官方旗舰店	13537246560	dgzhonglingshiye	2018-03-24	联系人：庾玉清	成立时间：1999年05月14日 ［已认证］
alibaba	经营范围：生产、销售：服装、鞋帽、针纺织品、箱包；销售：纺织品材料、服装材料、日用品；服装加工、设计；企业营销策划；企业形象设计；企业管理咨询服务。(依法须经批准的项目，.. ［已认证］	注册地址：中国广东东莞大朗镇佛新社区银源一街36号                                    查看地图	东莞 童装	https://hedaier.1688.com/page/creditdetail.htm	注册资本：人民币200万元 ［已认证］	合黛儿官方旗舰店	18188831372	hedaier	2018-03-24	联系人：	成立时间：2017年04月12日 ［已认证］
alibaba	经营范围：生产、销售：服饰、服装、鞋、帽、袜子、饰品、箱包、皮具、办公用品。   (依法须经批准的项目，经相关部门批准后方可开展经营活动)〓 ［已认证］	注册地址：中国广东东莞虎门镇赤岗社区东北榨房新区98号1楼                                    查看地图	东莞 童装	https://weizhoufushi.1688.com/page/creditdetail.htm	注册资本：人民币100万元 ［已认证］	维洲服饰源头厂家	18128570109	weizhoufushi	2018-03-24	联系人：周伟	成立时间：2015年03月18日 ［已认证］
alibaba	经营范围：生产、加工、销售：服饰、服装。 ［已认证］	注册地址：中国广东东莞虎门镇北栅西坊区西兴六街五号四楼                                    查看地图	东莞 童装	https://yonghao168.1688.com/page/creditdetail.htm	注册资本：人民币50万元 ［已认证］	咏豪三宝官方旗舰店	18617259955	yonghao168	2018-03-24	联系人：刘咏	成立时间：2014年11月28日 ［已认证］
alibaba	经营范围：零售：服装。 ［已认证］	注册地址：中国广东东莞虎门镇解放路64号B座5楼C                                    查看地图	东莞 童装	https://dgyytz.1688.com/page/creditdetail.htm	注册资本：无需验资 ［已认证］	东莞市虎门加全服装店	15015116008	dgyytz	2018-03-24	联系人：蔡加全	成立时间：2012年04月13日 ［已认证］
alibaba	经营范围：产销：服饰、服装。 ［已认证］	注册地址：中国广东东莞虎门镇东风建设路92号二楼                                    查看地图	东莞 童装	https://shop1404924677174.1688.com/page/creditdetail.htm	注册资本：人民币100万元 ［已认证］	Ruralrat/田园鼠官方旗舰店	固话：0769 - 81285255	shop1404924677174	2018-03-24	联系人：杨彪	成立时间：2014年06月19日 ［已认证］
alibaba	经营范围：从事服装、服装饰品、手袋的批发、零售及进出口业务（设立店铺，不涉及专营贸易管理商品，涉及配额、许可证管理及其他专项规定管理的商品，按国家相关规定办理申请）。 ［已认证］	注册地址：中国广东东莞大朗镇大井头社区第二工业区顺兴四路1号二楼                                    查看地图	东莞 童装	https://maracarolfushi.1688.com/page/creditdetail.htm	注册资本：港币230万元 ［已认证］	MaraCarol/玛拉咔啰官方旗舰店	固话：0769 - 82970606	maracarolfushi	2018-03-24	联系人：薛文星	成立时间：2009年07月21日 ［已认证］
alibaba	经营范围：生产、加工、销售：服装、服饰、玩具、婴儿日用品。 ［已认证］	注册地址：中国广东东莞万江街道共联社区古屋邨工业区C幢厂房                                    查看地图	东莞 童装	https://shuzhanzhiyi.1688.com/page/creditdetail.htm	注册资本：人民币50万元 ［已认证］	东莞市舒展制衣源头厂家	13925572191	shuzhanzhiyi	2018-03-24	联系人：李吉香	成立时间：2013年07月12日 ［已认证］
alibaba	经营范围：一般经营项目:服装服饰的生产加工及销售。 ［已认证］	注册地址：中国广东深圳宝安区沙井街道新桥社区芙蓉工业大道159号                                    查看地图	东莞 童装	https://gdhengyuanzhiyi.1688.com/page/creditdetail.htm	注册资本：无需验资 ［已认证］	深圳市宝安区沙井恒远制衣厂	15322860260	gdhengyuanzhiyi	2018-03-24	联系人：梁梅	成立时间：2014年04月09日 ［已认证］
alibaba	经营范围：加工：服装。(依法须经批准的项目，经相关部门批准后方可开展经营活动)〓 ［已认证］	注册地址：中国广东东莞中堂镇江南工业东区中心路55号二楼南面厂房                                    查看地图	东莞 童装	https://chuanchuan.1688.com/page/creditdetail.htm	注册资本：无需验资 ［已认证］	东莞市中堂川川制衣厂	17722391192	chuanchuan	2018-03-24	联系人：郑小英	成立时间：2015年11月20日 ［已认证］
alibaba	经营范围：批发、零售：服装、服饰。 ［已认证］	注册地址：中国广东东莞万江街道大莲塘社区综合楼110号                                    查看地图	东莞 童装	https://shop1467825031859.1688.com/page/creditdetail.htm	注册资本：无需验资 ［已认证］	东莞市万江常衣阁服装经营部	15113880367	shop1467825031859	2018-03-24	联系人：冯正钦	成立时间：2016年06月22日 ［已认证］
alibaba	经营范围：服装批发零售；^ ［已认证］	注册地址：中国广东深圳龙华新区龙华街道富联新村50栋一楼                                    查看地图	东莞 童装	https://clz168.1688.com/page/creditdetail.htm	注册资本：无需验资 ［已认证］	深圳龙华新区诚靓正服装贸易商行	13713090235	clz168	2018-03-24	联系人：梁芳泳	成立时间：2015年04月27日 ［已认证］
alibaba	经营范围：一般经营项目：   服装、服饰的批发零售。许可经营项目：   服装、服饰的生产加工。 ［已认证］	注册地址：中国广东深圳龙华新区大浪街道罗屋围工业区2栋2楼                                    查看地图	东莞 童装	https://fzyijiayi.1688.com/page/creditdetail.htm	注册资本：无需验资 ［已认证］	深圳市龙华新区毅家依服装厂	18929739973	fzyijiayi	2018-03-24	联系人：方冰冰	成立时间：2016年06月15日 ［已认证］
alibaba	经营范围：批发、零售：服装、服饰。 (依法须经批准的项目，经相关部门批准后方可开展经营活动)〓 ［已认证］	注册地址：中国广东东莞万江街道石美社区环城街76号                                    查看地图	东莞 童装	https://shop1467825109783.1688.com/page/creditdetail.htm	注册资本：无需验资 ［已认证］	东莞市万江鼎盛服装销售部	13537285894	shop1467825109783	2018-03-24	联系人：龙凤秀	成立时间：2016年06月24日 ［已认证］
alibaba	经营范围：设计、产销：服装、饰品、箱包、鞋、帽。(依法须经批准的项目，经相关部门批准后方可开展经营活动)〓 ［已认证］	注册地址：中国广东东莞塘厦镇塘厦社区清塘街3巷7号                                    查看地图	东莞 童装	https://shop1456755031947.1688.com/page/creditdetail.htm	注册资本：人民币50万元 ［已认证］	萌想服饰设计源头厂家	13790445936	shop1456755031947	2018-03-24	联系人：朴志坚	成立时间：2018年01月30日 ［已认证］
alibaba	经营范围：一般经营项目:服饰、服装批发零售 ［已认证］	注册地址：中国广东深圳南山区沙河街道上白石三坊30号102                                    查看地图	东莞 童装	https://shop1409157874363.1688.com/page/creditdetail.htm	注册资本：无需验资 ［已认证］	深圳市南山区欧诺莱服饰批发商行	15999836196	shop1409157874363	2018-03-24	联系人：陈心怡	成立时间：2014年08月11日 ［已认证］
alibaba	经营范围：产销：针织服装。 ［已认证］	注册地址：中国广东东莞大朗镇佛新社区银源一街36号                                    查看地图	东莞 童装	https://yt3228.1688.com/page/creditdetail.htm	注册资本：无需验资 ［已认证］	东莞市大朗衣特针织厂	18819501800	yt3228	2018-03-24	联系人：李春林	成立时间：2013年10月29日 ［已认证］
alibaba	经营范围：一般经营项目:服装批发与零售 ［已认证］	注册地址：中国广东深圳宝安区西乡街道固戍二路石街新村5巷18号                                    查看地图	东莞 童装	https://shop1461689388134.1688.com/page/creditdetail.htm	注册资本：无需验资 ［已认证］	深圳市宝安区西乡雅尚轩服装批发商行	13543334535	shop1461689388134	2018-03-24	联系人：卢超胜	成立时间：2016年04月21日 ［已认证］
alibaba	经营范围：一般经营项目:童装批发零售 许可经营项目:童装加工 ［已认证］	注册地址：中国广东深圳龙岗区龙岗街道南约社区汉田二路104号                                    查看地图	东莞 童装	https://shop1417106554556.1688.com/page/creditdetail.htm	注册资本：无需验资 ［已认证］	深圳市龙岗区乐衣彤童装加工厂	固话：0769 - 82859039	shop1417106554556	2018-03-24	联系人：谢扬胜	成立时间：2014年11月21日 ［已认证］
alibaba	经营范围：一般经营项目:???服装批发零售许可经营项目:???服装生产加工，(建设项目环境影响审批，申报建设工程消防验收) ［已认证］	注册地址：中国广东深圳南山区沙河街道白石洲村沙河工业区38栋603号                                    查看地图	东莞 童装	https://shop1459528887738.1688.com/page/creditdetail.htm	注册资本：无需验资 ［已认证］	深圳市南山区衣乃馨制衣厂	13266835503	shop1459528887738	2018-03-24	联系人：李润青	成立时间：2016年03月29日 ［已认证］
alibaba	经营范围：一般经营项目:童装的销售。 许可经营项目:童装的生产与加工。 ［已认证］	注册地址：中国广东深圳龙华新区龙华街道四工业区第3栋3层                                    查看地图	东莞 童装	https://shop1458665840437.1688.com/page/creditdetail.htm	注册资本：无需验资 ［已认证］	深圳市龙华新区雯爸童装制衣厂	18925750313	shop1458665840437	2018-03-24	联系人：胡点奎	成立时间：2016年03月17日 ［已认证］
alibaba	经营范围：一般经营项目:服装销售。 许可经营项目:服装生产、加工。 ［已认证］	注册地址：中国广东深圳龙岗区布吉街道老街何屋村3号302                                    查看地图	东莞 童装	https://hml15219900485.1688.com/page/creditdetail.htm	注册资本：无需验资 ［已认证］	深圳市龙岗区惠民莱服装厂	17301934127	hml15219900485	2018-03-24	联系人：唐金清	成立时间：2016年03月03日 ［已认证］
alibaba	经营范围：设计、生产、销售：服装、服饰、鞋、帽；销售：纺织品。 ［已认证］	注册地址：中国广东东莞大朗镇巷头社区富华北路202号                                    查看地图	东莞 童装	https://ksmfactory.1688.com/page/creditdetail.htm	注册资本：人民币990万元 ［已认证］	东莞市正荣服饰有限公司	18024407609	ksmfactory	2018-03-24	联系人：李建红	成立时间：2011年05月19日 ［已认证］
alibaba	经营范围：一般经营项目:服饰的批发、销售许可经营项目: ［已认证］	注册地址：中国广东深圳宝安区沙井街道辛安路北七巷4号101B                                    查看地图	东莞 童装	https://shop1458147410729.1688.com/page/creditdetail.htm	注册资本：无需验资 ［已认证］	深圳市宝安区沙井芳依坊服饰经营部	17051172936	shop1458147410729	2018-03-24	联系人：李雪珍	成立时间：2016年03月09日 ［已认证］
alibaba	经营范围：设计、生产、销售、网上销售：服饰、服装、饰品；批发业、零售业。 ［已认证］	注册地址：中国广东东莞虎门镇博涌社区轮渡路94号                                    查看地图	东莞 童装	https://wantingfushi.1688.com/page/creditdetail.htm	注册资本：人民币100万元 ［已认证］	东莞市万庭服饰有限公司	15377709889	wantingfushi	2018-03-24	联系人：池秀娇	成立时间：2016年08月24日 ［已认证］
alibaba	经营范围：批发零售加工服装服饰(依法须经批准的项目，经相关部门批准后方可开展经营活动） ［已认证］	注册地址：中国山东青岛即墨市通济办事处华山二路577号11号楼117户                                    查看地图	东莞 童装	https://shop15866866626.1688.com/page/creditdetail.htm	注册资本：无需验资 ［已认证］	即墨市金舆服装厂	18669779993	shop15866866626	2018-03-24	联系人：付亮	成立时间：2015年01月06日 ［已认证］
alibaba	经营范围：批发、零售：毛衣。 (依法须经批准的项目，经相关部门批准后方可开展经营活动)〓 ［已认证］	注册地址：中国广东东莞大朗镇巷头社区大朗毛织贸易中心1-B177                                    查看地图	东莞 童装	https://doraimi.1688.com/page/creditdetail.htm	注册资本：无需验资 ［已认证］	东莞市大朗外星人毛衣批发店	13790479713	doraimi	2018-03-24	联系人：李洁娟	成立时间：2016年06月30日 ［已认证］
alibaba	经营范围：生产、销售：服装、鞋、帽、手套。 ［已认证］	注册地址：中国广东东莞大朗镇富华南路191号四楼                                    查看地图	东莞 童装	https://ddkids2016.1688.com/page/creditdetail.htm	注册资本：人民币50万元 ［已认证］	东莞市奕昌服饰有限公司	*	ddkids2016	2018-03-24	联系人：钟永强	成立时间：2012年06月14日 ［已认证］
alibaba	经营范围：产销：服装；货物进出口。 ［已认证］	注册地址：中国广东东莞茶山镇京山村牛扒笼六街                                    查看地图	东莞 童装	https://shop1402073762056.1688.com/page/creditdetail.htm	注册资本：人民币50万元 ［已认证］	东莞市慕晨服装有限公司	18681001633	shop1402073762056	2018-03-24	联系人：刘湘琴	成立时间：2014年04月29日 ［已认证］
alibaba	经营范围：一般经营项目:服装批发零售。 ［已认证］	注册地址：中国广东深圳龙岗区横岗街道安良社区安华路79号                                    查看地图	东莞 童装	https://shop1425487566852.1688.com/page/creditdetail.htm	注册资本：无需验资 ［已认证］	深圳市龙岗区豪杰阁服饰贸易商行	固话：0769 - 15989682001	shop1425487566852	2018-03-24	联系人：张武	成立时间：2015年02月28日 ［已认证］
alibaba	经营范围：批发、零售：服装。(依法须经批准的项目，经相关部门批准后方可开展经营活动)〓 ［已认证］	注册地址：中国广东东莞万江街道新谷涌社区谷溪街上坊37号                                    查看地图	东莞 童装	https://shop71o161b4807x4.1688.com/page/creditdetail.htm	注册资本：无需验资 ［已认证］	东莞市万江鑫旺服装商行	13650297060	shop71o161b4807x4	2018-03-24	联系人：	成立时间：2016年12月14日 ［已认证］
alibaba	经营范围：生产、批发、零售：服装、服装饰品、帽、围巾、手套、鞋、袜。 ［已认证］	注册地址：中国广东东莞虎门镇博涌社区博美综合楼605、606室写字楼                                    查看地图	东莞 童装	https://iambovg.1688.com/page/creditdetail.htm	注册资本：人民币50万元 ［已认证］	东莞市零也服饰贸易有限公司	13829261854	iambovg	2018-03-24	联系人：殷要铭	成立时间：2012年11月23日 ［已认证］
alibaba	经营范围：一般经营项目：    服装批发销售（法律、行政法规 、国务院决定规定在登记前须批准的项目除外） 许可经营项目：    服装生产加工 ［已认证］	注册地址：中国广东深圳龙华新区大浪街道同胜社区三合新一村72栋3楼                                    查看地图	东莞 童装	https://shop1494003239898.1688.com/page/creditdetail.htm	注册资本：无需验资 ［已认证］	深圳市龙华新区依品客制衣厂	13266083773	shop1494003239898	2018-03-24	联系人：潘业勇	成立时间：2016年04月26日 ［已认证］
alibaba	经营范围：一般经营项目：    服装、服饰的批发零售。 许可经营项目：    服装、服饰的生产加工。 ［已认证］	注册地址：中国广东深圳龙岗区龙城街道爱联新屯东2巷5号3楼                                    查看地图	东莞 童装	https://shop1468343136495.1688.com/page/creditdetail.htm	注册资本：无需验资 ［已认证］	深圳市龙岗区菜来依服装制衣厂	13068513823	shop1468343136495	2018-03-24	联系人：张博超	成立时间：2016年07月04日 ［已认证］
alibaba	经营范围：产销：服饰、服装。(依法须经批准的项目，经相关部门批准后方可开展经营活动)〓 ［已认证］	注册地址：中国广东东莞虎门镇S256省道旁的工贸楼（第二栋）三楼                                    查看地图	东莞 童装	https://dgkids2014.1688.com/page/creditdetail.htm	注册资本：人民币50万元 ［已认证］	东莞市好妈妈服饰有限公司	13018653434	dgkids2014	2018-03-24	联系人：袁云华	成立时间：2013年07月29日 ［已认证］
alibaba	经营范围：产销：服装、服饰配件、纺织品、箱包、袋、帽、文具、电子产品、五金制品、塑胶制品、运动用品；销售：印刷制品、包装制品、工艺礼品；货物进出口、技术进出口。(依法须经.. ［已认证］	注册地址：中国广东东莞茶山镇增埗村卢屋工业区                                    查看地图	东莞 童装	https://pannuofuzhuang.1688.com/page/creditdetail.htm	注册资本：人民币500万元 ［已认证］	东莞盼诺实业源头厂家	13729914512	pannuofuzhuang	2018-03-24	联系人：简丽珍	成立时间：2015年08月21日 ［已认证］
alibaba	经营范围：服装、服饰的加工、销售。（依法须经批准的项目，经相关部门批准后方可开展经营活动）。 ［已认证］	注册地址：中国安徽蚌埠淮上区双墩路801号第2栋0单元1层104号                                    查看地图	东莞 童装	https://shop1456245743364.1688.com/page/creditdetail.htm	注册资本：无需验资 ［已认证］	蚌埠市淮上区默磊服装加工厂	15017868596	shop1456245743364	2018-03-24	联系人：黄磊	成立时间：2015年04月24日 ［已认证］
alibaba	经营范围：一般经营项目：童装批发零售许可经营项目：童装加工 ［已认证］	注册地址：中国广东深圳龙岗区坂田街道坂田社区吉华路上雪科技园11栋302                                    查看地图	东莞 童装	https://ubaby168.1688.com/page/creditdetail.htm	注册资本：无需验资 ［已认证］	深圳市龙岗区坂田羽宝贝童装厂	*	ubaby168	2018-03-24	联系人：胡秀珠	成立时间：2015年05月11日 ［已认证］
alibaba	经营范围：一般经营项目：   服装、服饰的批发零售。（法律、行政法规禁止的项目除外；法律、行政法规限制的项目须取得许可后方可经营）许可经营项目：   服装、服饰的生产加工.. ［已认证］	注册地址：中国广东深圳龙华新区民治街道民治第一工业区3栋1楼                                    查看地图	东莞 童装	https://yichengyi.1688.com/page/creditdetail.htm	注册资本：无需验资 ［已认证］	深圳市龙华新区壹成衣服装厂	13669899924	yichengyi	2018-03-24	联系人：陆诗丹	成立时间：2016年06月14日 ［已认证］
alibaba	经营范围：服装批发与零售^ ［已认证］	注册地址：中国广东深圳宝安区沙井街道共和社区福和路东2巷33号                                    查看地图	东莞 童装	https://shop1472748295957.1688.com/page/creditdetail.htm	注册资本：无需验资 ［已认证］	深圳市宝安区沙井兆开服装商行	13129487585	shop1472748295957	2018-03-24	联系人：巫静敏	成立时间：2016年08月31日 ［已认证］
alibaba	经营范围：加工：服装。 ［已认证］	注册地址：中国广东东莞虎门镇南栅南冲口十一巷三号                                    查看地图	东莞 童装	https://shop1459271376210.1688.com/page/creditdetail.htm	注册资本：无需验资 ［已认证］	东莞市虎门金本色制衣厂	固话：0769 - 85706776	shop1459271376210	2018-03-24	联系人：李小燕	成立时间：2010年07月09日 ［已认证］
alibaba	经营范围：一般经营项目:服装的批发零售。 许可经营项目:服装的生产加工。 ［已认证］	注册地址：中国广东深圳龙岗区布吉街道白鸽笼京南工业区4号厂房2楼                                    查看地图	东莞 童装	https://hao3151864609.1688.com/page/creditdetail.htm	注册资本：无需验资 ［已认证］	深圳市龙岗区妖姬添服服装厂	13549320286	hao3151864609	2018-03-24	联系人：李桂	成立时间：2015年03月18日 ［已认证］
alibaba	经营范围：一般经营项目:服饰批发零售 ［已认证］	注册地址：中国广东深圳宝安区沙井街道振兴路523号                                    查看地图	东莞 童装	https://shop1446137447374.1688.com/page/creditdetail.htm	注册资本：无需验资 ［已认证］	深圳市宝安区沙井晓依伊服饰批发商行	17051179755	shop1446137447374	2018-03-24	联系人：何雄芳	成立时间：2015年10月28日 ［已认证］
alibaba	经营范围：产销：服饰、毛织品、针织品、服装。 ［已认证］	注册地址：中国广东东莞大朗镇水口村下园四巷23号二楼                                    查看地图	东莞 童装	https://wm2010cx.1688.com/page/creditdetail.htm	注册资本：人民币50万元 ［已认证］	东莞市诚轩服饰有限公司	固话：0769 - 89799438	wm2010cx	2018-03-24	联系人：程莉	成立时间：2013年12月13日 ［已认证］
alibaba	经营范围：一般经营项目：    服装批发零售（法律、行政法规、国务院决定规定在登记前须批准的项目除外） 许可经营项目：    服装加工生产。 ［已认证］	注册地址：中国广东深圳龙华新区大浪街道大浪社区华新锐明工业区A栋2楼                                    查看地图	东莞 童装	https://yqw0755.1688.com/page/creditdetail.htm	注册资本：无需验资 ［已认证］	深圳市龙华新区依纤万服装厂	18575416592	yqw0755	2018-03-24	联系人：林芸宇	成立时间：2016年06月17日 ［已认证］
alibaba	经营范围：一般经营项目：   服装服饰批发零售许可经营项目：   服装服饰加工 ［已认证］	注册地址：中国广东深圳宝安区沙井街道飞扬路一号飞扬工业区6栋3楼南面                                    查看地图	东莞 童装	https://gesidifuzhuang.1688.com/page/creditdetail.htm	注册资本：无需验资 ［已认证］	深圳市宝安区沙井格思蒂服装厂	固话：0755 - 13143213338	gesidifuzhuang	2018-03-24	联系人：黎朝东	成立时间：2016年07月04日 ［已认证］
alibaba	经营范围：产销：服装、转印设备、打印耗材、办公用品、电子产品、工艺品、模具钢材、陶瓷制品、五金制品。                                (依.. ［已认证］	注册地址：中国广东东莞长安镇新安社区横新路八巷3号                                    查看地图	东莞 童装	https://gdtianheng.1688.com/page/creditdetail.htm	注册资本：人民币10万元 ［已认证］	东莞盛容实业源头厂家	13726450542	gdtianheng	2018-03-24	联系人：芮明辉	成立时间：2012年12月06日 ［已认证］
alibaba	经营范围：销售：服饰、服装。 (依法须经批准的项目，经相关部门批准后方可开展经营活动)〓 ［已认证］	注册地址：中国广东东莞虎门镇银龙南路永康街南三巷二号                                    查看地图	东莞 童装	https://xubawawa.1688.com/page/creditdetail.htm	注册资本：人民币50万元 ［已认证］	xubawawa/炫芭娃娃官方旗舰店	13929497780	xubawawa	2018-03-24	联系人：陈丽丽	成立时间：2011年09月22日 ［已认证］
alibaba	经营范围：一般经营项目：服装销售。许可经营项目：服装生产加工。 ［已认证］	注册地址：中国广东深圳龙华区龙华街道华达路77号和平工业园A202                                    查看地图	东莞 童装	https://shop634g679ee7967.1688.com/page/creditdetail.htm	注册资本：无需验资 ［已认证］	深圳市龙华区可衣凡服装厂	固话：131 - 43281654	shop634g679ee7967	2018-03-24	联系人：郑智桃	成立时间：2017年06月07日 ［已认证］
alibaba	经营范围：一般经营项目:服装服饰批发零售 ［已认证］	注册地址：中国广东深圳宝安区西乡街道航城大道72号1楼                                    查看地图	东莞 童装	https://ip0702.1688.com/page/creditdetail.htm	注册资本：无需验资 ［已认证］	深圳市宝安区西乡鑫淼杰服装贸易商行	17606687659	ip0702	2018-03-24	联系人：叶杰	成立时间：2014年03月28日 ［已认证］
alibaba	经营范围：加工、产销：服装。 ［已认证］	注册地址：中国广东东莞石排镇埔心工业区                                    查看地图	东莞 童装	https://huafa888731.1688.com/page/creditdetail.htm	注册资本：无需验资 ［已认证］	东莞市石排华发制衣厂	13360668078	huafa888731	2018-03-24	联系人：陈凤庭	成立时间：1997年10月16日 ［已认证］
alibaba	经营范围：一般经营项目：服饰、服饰的销售＊许可经营项目：服饰、服饰的生产加工＊ ［已认证］	注册地址：中国广东深圳宝安区西乡街道固戍朱坳工业区3栋4楼北                                    查看地图	东莞 童装	https://13650414106.1688.com/page/creditdetail.htm	注册资本：无需验资 ［已认证］	深圳市宝安区西乡伟昌弘服装厂	13650414106	13650414106	2018-03-24	联系人：黄石洪	成立时间：2015年05月25日 ［已认证］
alibaba	经营范围：销售：服装。 (依法须经批准的项目，经相关部门批准后方可开展经营活动)〓 ［已认证］	注册地址：中国广东东莞虎门镇黄金洲天安大厦四楼A418号铺位                                    查看地图	东莞 童装	https://xjxtz.1688.com/page/creditdetail.htm	注册资本：无需验资 ［已认证］	东莞市虎门小吉星童装贸易部	13751216058	xjxtz	2018-03-24	联系人：张明辉	成立时间：2011年06月03日 ［已认证］
alibaba	经营范围：一般经营项目:服装的批发与零售。 ［已认证］	注册地址：中国广东深圳龙华新区观澜街道库坑社区大富工业区华创达工业园5号一栋宿舍101                                    查看地图	东莞 童装	https://shop43h5t083159y0.1688.com/page/creditdetail.htm	注册资本：无需验资 ［已认证］	深圳市龙华区魅力爆表服装商行	13265032553	shop43h5t083159y0	2018-03-24	联系人：刘均南	成立时间：2017年11月13日 ［已认证］
alibaba	经营范围：产销：服装、运动用品。 ［已认证］	注册地址：中国广东东莞茶山镇茶山村吉街工业区                                    查看地图	东莞 童装	https://shop1467221020957.1688.com/page/creditdetail.htm	注册资本：无需验资 ［已认证］	东莞市茶山豪林服饰厂	固话：0769 - 83002193	shop1467221020957	2018-03-24	联系人：黄崇源	成立时间：2016年06月20日 ［已认证］
alibaba	经营范围：童装的批发零售 ［已认证］	注册地址：中国广东深圳宝安区西乡街道宝莲新村八巷22号一楼102                                    查看地图	东莞 童装	https://haoxinfuzhuang88.1688.com/page/creditdetail.htm	注册资本：无需验资 ［已认证］	深圳市宝安区西乡卡特利特童装行	18025128008	haoxinfuzhuang88	2018-03-24	联系人：程红伟	成立时间：2013年06月24日 ［已认证］
alibaba	经营范围：批发、零售：服装。 ［已认证］	注册地址：中国广东东莞虎门镇大莹东方国际服装商贸城四楼G408号铺位                                    查看地图	东莞 童装	https://cnjpcom.1688.com/page/creditdetail.htm	注册资本：无需验资 ［已认证］	东莞市虎门张庆生服装店	13712542288	cnjpcom	2018-03-24	联系人：张庆生	成立时间：2012年03月30日 ［已认证］
alibaba	经营范围：一般经营项目:服装的批发零售 许可经营项目:服装的生产加工 ［已认证］	注册地址：中国广东深圳龙岗区龙岗街道同心路87号九九同心工业区二期A一栋二楼                                    查看地图	东莞 童装	https://shop1431017388610.1688.com/page/creditdetail.htm	注册资本：无需验资 ［已认证］	深圳市龙岗区衣达惠服装厂	17602094508	shop1431017388610	2018-03-24	联系人：张涛	成立时间：2015年05月05日 ［已认证］
alibaba	经营范围：一般经营项目：批发、零售：服装。 许可经营项目：无（一般经营项目可以自主经营；许可经营项目凭批准文件、证件经营） ［已认证］	注册地址：中国广东东莞厚街镇南五村岭祥街六巷3号                                    查看地图	东莞 童装	https://penghongfuzhuang.1688.com/page/creditdetail.htm	注册资本：无需验资 ［已认证］	东莞市厚街鹏鸿服装经营部	13544666808	penghongfuzhuang	2018-03-24	联系人：林春龙	成立时间：2014年01月08日 ［已认证］
alibaba	经营范围：一般经营项目:服装销售。 许可经营项目:服装生产、加工。 ［已认证］	注册地址：中国广东深圳南山区西丽街道官龙村旺堂工业区6栋2楼                                    查看地图	东莞 童装	https://shop1457110720700.1688.com/page/creditdetail.htm	注册资本：无需验资 ［已认证］	深圳市南山区莱衣枫服装厂	15986619710	shop1457110720700	2018-03-24	联系人：何科霖	成立时间：2016年03月01日 ［已认证］
alibaba	经营范围：产销：毛织品。(依法须经批准的项目，经相关部门批准后方可开展经营活动)〓 ［已认证］	注册地址：中国广东东莞大朗镇长塘社区大井公205号                                    查看地图	东莞 童装	https://ameimaozhi.1688.com/page/creditdetail.htm	注册资本：无需验资 ［已认证］	东莞市大朗阿美毛织加工厂	13713065928	ameimaozhi	2018-03-24	联系人：黄美兰	成立时间：2015年04月02日 ［已认证］
alibaba	经营范围：产销：服饰、服装。 ［已认证］	注册地址：中国广东东莞虎门镇东风建设路92号二楼                                    查看地图	东莞 童装	https://shop1446482987408.1688.com/page/creditdetail.htm	注册资本：人民币100万元 ［已认证］	东莞市洋泰服饰有限公司	13829129830	shop1446482987408	2018-03-24	联系人：杨彪	成立时间：2014年06月19日 ［已认证］
alibaba	经营范围：批发、零售：服装。?（依法须经批准的项目，经相关部门批准后方可开展经营活动）〓 ［已认证］	注册地址：中国广东东莞桥头镇田头角村旧围（二）25号                                    查看地图	东莞 童装	https://shop1428944110278.1688.com/page/creditdetail.htm	注册资本：无需验资 ［已认证］	东莞市桥头依凡服装经营部	13712443491	shop1428944110278	2018-03-24	联系人：容全锋	成立时间：2014年12月02日 ［已认证］
alibaba	经营范围：网络销售、销售：服装、鞋、帽、饰品。(依法须经批准的项目，经相关部门批准后方可开展经营活动)〓 ［已认证］	注册地址：中国广东东莞大朗镇高英村东英路37-39号君诚科技大厦5楼                                    查看地图	东莞 童装	https://shop4o68699646gc5.1688.com/page/creditdetail.htm	注册资本：人民币100万元 ［已认证］	东莞市纯美服饰贸易有限公司	固话：0769 - 23033996	shop4o68699646gc5	2018-03-24	联系人：东莞市纯美服饰贸易有限公司	成立时间：2009年06月09日 ［已认证］
alibaba	经营范围：销售：服饰、服装。 ［已认证］	注册地址：中国广东东莞虎门镇大莹东方国际服装商贸城4楼F417铺位                                    查看地图	东莞 童装	https://gewaifs.1688.com/page/creditdetail.htm	注册资本：无需验资 ［已认证］	东莞市虎门格外服饰商行	*	gewaifs	2018-03-24	联系人：李峰	成立时间：2012年08月16日 ［已认证］
alibaba	经营范围：零售:服装。(依法须经批准的项目，经相关部门批准后方可开展经营活动)〓 ［已认证］	注册地址：中国广东东莞虎门镇大莹东方国际服装商贸城3楼B313A号铺位                                    查看地图	东莞 童装	https://shop1475644262448.1688.com/page/creditdetail.htm	注册资本：无需验资 ［已认证］	东莞市虎门发扬服装店	15992728320	shop1475644262448	2018-03-24	联系人：张宪广	成立时间：2012年03月29日 ［已认证］
alibaba	经营范围：服装的批发与零售。 以下项目涉及应取得许可审批的，须凭相关审批文件方可经营:服装的加工； ［已认证］	注册地址：中国广东深圳宝安区西乡街道固戍社区东财工业区17号东财工业区17-2号                                    查看地图	东莞 童装	https://shop905j43d569187.1688.com/page/creditdetail.htm	注册资本：无需验资 ［已认证］	深圳市宝安区西乡衣衣潮服装厂	13232194431	shop905j43d569187	2018-03-24	联系人：唐丹丹	成立时间：2018年02月27日 ［已认证］
alibaba	经营范围：一般经营项目:服装、服饰批发零售 ［已认证］	注册地址：中国广东深圳龙岗区平湖街道华南大道一号华南国际纺织服装原辅料物流区二期3层3D-118号                                    查看地图	东莞 童装	https://shop1427388215358.1688.com/page/creditdetail.htm	注册资本：无需验资 ［已认证］	深圳市龙岗区掘金者服装贸易商行	13554709424	shop1427388215358	2018-03-24	联系人：高方祥	成立时间：2015年03月17日 ［已认证］
alibaba	经营范围：一般经营项目:???服装、内衣、鞋帽、纺织面料、纺织品批发零售许可经营项目:???服装、内衣、鞋帽、纺织面料、纺织品加工 ［已认证］	注册地址：中国广东深圳宝安区沙井街道万安路20号长兴科技园197栋1楼                                    查看地图	东莞 童装	https://shop1466788724260.1688.com/page/creditdetail.htm	注册资本：无需验资 ［已认证］	深圳市宝安区沙井菲米尔服装厂	18575982021	shop1466788724260	2018-03-24	联系人：梁逢辉	成立时间：2016年06月21日 ［已认证］
alibaba	经营范围：销售：服装。 ［已认证］	注册地址：中国广东东莞虎门镇大莹银龙路大莹东方国际服装商贸城三楼天桥3008铺位                                    查看地图	东莞 童装	https://efpf1688.1688.com/page/creditdetail.htm	注册资本：无需验资 ［已认证］	东莞市虎门美恩特服装销售部	18122855085	efpf1688	2018-03-24	联系人：李华勇	成立时间：2012年02月17日 ［已认证］
alibaba	经营范围：加工：唛头、服装辅料。 ［已认证］	注册地址：中国广东东莞茶山镇增埗村卢屋工业区                                    查看地图	东莞 童装	https://dgluhuifang.1688.com/page/creditdetail.htm	注册资本：无需验资 ［已认证］	东莞市茶山俊盈唛头加工厂	13925830847	dgluhuifang	2018-03-24	联系人：卢惠芳	成立时间：2010年02月05日 ［已认证］
alibaba	经营范围：一般经营项目:服装服饰批发、零售； ［已认证］	注册地址：中国广东深圳坪山新区坑梓街道金沙社区金沙市场商业街21号                                    查看地图	东莞 童装	https://shop1490029859450.1688.com/page/creditdetail.htm	注册资本：无需验资 ［已认证］	深圳市坪山区悦飞凡服装商行	15119604475	shop1490029859450	2018-03-24	联系人：陈火生	成立时间：2017年03月15日 ［已认证］
alibaba	经营范围：批发、零售：童装。 ［已认证］	注册地址：中国广东东莞虎门镇沙太路81号之99号铺位                                    查看地图	东莞 童装	https://son86.1688.com/page/creditdetail.htm	注册资本：无需验资 ［已认证］	东莞市虎门郎郎维奇童装店	18002966283	son86	2018-03-24	联系人：王刚	成立时间：2012年03月15日 ［已认证］
alibaba	经营范围：一般经营项目：服装的批发零售。许可经营项目： ［已认证］	注册地址：中国广东深圳宝安区新安街道３０区建安新村１３栋１０１号                                    查看地图	东莞 童装	https://bo6668.1688.com/page/creditdetail.htm	注册资本：无需验资 ［已认证］	深圳市宝安区新安凌衣舍服装商行	13427519221	bo6668	2018-03-24	联系人：凌云波	成立时间：2017年04月13日 ［已认证］
alibaba	经营范围：销售、网上销售:服装、鞋、帽、玩具、日用品、布料、皮革、箱包。(依法须经批准的项目，经相关部门批准后方可开展经营活动)〓 ［已认证］	注册地址：中国广东东莞东城区樟村沙井头1巷16号605室                                    查看地图	东莞 童装	https://shop1448962611433.1688.com/page/creditdetail.htm	注册资本：人民币100万元 ［已认证］	东莞哈兔童装有限公司	15820889963	shop1448962611433	2018-03-24	联系人：谢金辉	成立时间：2015年11月05日 ［已认证］
alibaba	注册资本：RMB 0 万元	注册地址：万江区水蛇涌社区泰新路盈丰花园G2号铺                                    查看地图	东莞 童装	https://shop1389804869841.1688.com/page/creditdetail.htm	成立时间：2013-12-25	东莞市万江兆康服装销售部	13652459006	shop1389804869841	2018-03-24	联系人：何庚	企业名称：东莞市万江兆康服装销售部 ［已认证］
alibaba	经营范围：销售：服装。 (依法须经批准的项目，经相关部门批准后方可开展经营活动)〓 ［已认证］	注册地址：中国广东东莞虎门镇北栅社区仁中岗村团结路6号1008号                                    查看地图	东莞 童装	https://antenmaoyi.1688.com/page/creditdetail.htm	注册资本：无需验资 ［已认证］	东莞市虎门安力雅服装销售部	15118290789	antenmaoyi	2018-03-24	联系人：莫枥	成立时间：2010年06月17日 ［已认证］
alibaba	经营范围：批发、零售：预包装食品、乳制品（含婴幼儿配方乳粉）；销售：服饰、服装、鞋、帽、袜、箱包、饰品、皮具、家具、玩具、领带、手套、围巾、婚纱、工艺品、家居用品、母婴用.. ［已认证］	注册地址：中国广东东莞虎门镇南栅富民花园民福苑19号地铺                                    查看地图	东莞 童装	https://shop1459875379283.1688.com/page/creditdetail.htm	注册资本：人民币100万元 ［已认证］	东莞市童梦服饰有限公司	13924350692	shop1459875379283	2018-03-24	联系人：黄姗	成立时间：2015年07月07日 ［已认证］
alibaba	经营范围：加工、产销：服饰、服装；销售：纺织品、服装辅料、鞋、帽、袜、皮具、箱包、饰品、玩具。 ［已认证］	注册地址：中国广东东莞虎门镇银龙路大莹服装电商城四楼E423B                                    查看地图	东莞 童装	https://xinfazhiyichang.1688.com/page/creditdetail.htm	注册资本：人民币50万元 ［已认证］	东莞市鑫凡服饰有限公司	固话：0769 - 13662945128	xinfazhiyichang	2018-03-24	联系人：陈向边	成立时间：2016年06月29日 ［已认证］
alibaba	经营范围：一般经营项目:服装批发及零售 ［已认证］	注册地址：中国广东深圳龙岗区坂田街道雅园路76-1                                    查看地图	东莞 童装	https://shopyiyi.1688.com/page/creditdetail.htm	注册资本：无需验资 ［已认证］	深圳市龙岗区天使依依服装批发商行	13580853256	shopyiyi	2018-03-24	联系人：谢美双	成立时间：2014年01月06日 ［已认证］
alibaba	经营范围：批发：服装。 ［已认证］	注册地址：中国广东东莞石龙镇西湖村西湖三路北38号西湖服装批发市场66号                                    查看地图	东莞 童装	https://shop62433448ee266.1688.com/page/creditdetail.htm	注册资本：无需验资 ［已认证］	东莞市石龙艾吉拉童装商行	固话：0752 - 6905303	shop62433448ee266	2018-03-24	联系人：龚振平	成立时间：2017年02月13日 ［已认证］
alibaba	经营范围：生产、销售：服饰、服装、布料、服装配件、鞋、帽、箱包、袜、玩具、皮革、羽绒、办公用品。 ［已认证］	注册地址：中国广东东莞虎门镇东风社区沙太路东风段261号二楼                                    查看地图	东莞 童装	https://michun.1688.com/page/creditdetail.htm	注册资本：人民币50万元 ［已认证］	东莞市米纯服饰有限公司	18826815955	michun	2018-03-24	联系人：马丽丽	成立时间：2014年08月22日 ［已认证］
alibaba	经营范围：服装的批发零售服装的加工 ［已认证］	注册地址：中国广东深圳龙岗区坂田街道里浦街7号德众工业园二栋2楼D                                    查看地图	东莞 童装	https://liuyifei.1688.com/page/creditdetail.htm	注册资本：无需验资 ［已认证］	深圳市龙岗区流衣飞针织制衣厂	18002600170	liuyifei	2018-03-24	联系人：朱传波	成立时间：2014年12月05日 ［已认证］
alibaba	经营范围：产销：服饰、服装、鞋、帽、皮具、布料、服装辅料。 ［已认证］	注册地址：中国广东东莞虎门镇九门寨九咀新区8巷5号六楼                                    查看地图	东莞 童装	https://duonagongzhu.1688.com/page/creditdetail.htm	注册资本：人民币10万元 ［已认证］	东莞市荟芹服饰有限公司	18024624377	duonagongzhu	2018-03-24	联系人：湛礼泉	成立时间：2014年07月15日 ［已认证］
alibaba	经营范围：一般经营项目:服装的销售。（法律、行政法规、国务院决定禁止的项目除外，限制的项目须取得许可后方可经营） 许可经营项目:服装生产加工。 ［已认证］	注册地址：中国广东深圳福田区沙头街道金地工业区116栋一楼107A号                                    查看地图	东莞 童装	https://hantongyu.1688.com/page/creditdetail.htm	注册资本：无需验资 ［已认证］	深圳市福田区韩童语制衣厂	15817706075	hantongyu	2018-03-24	联系人：李静	成立时间：2015年10月29日 ［已认证］
alibaba	经营范围：批发、零售：服装。 (依法须经批准的项目，经相关部门批准后方可开展经营活动)〓 ［已认证］	注册地址：中国广东东莞大岭山镇中兴路163号                                    查看地图	东莞 童装	https://yeu16998.1688.com/page/creditdetail.htm	注册资本：无需验资 ［已认证］	东莞市大岭山金宝宝外贸童装批发行	15899683132	yeu16998	2018-03-24	联系人：叶建英	成立时间：2010年06月02日 ［已认证］
alibaba	经营范围：一般经营项目:服装服饰、鞋、帽、箱包、袜子、针纺织品、电子穿戴设备、玩具的设计与销售；国内贸易、货物及技术进出口。（法律、行政法规或者国务院决定禁止和规定在登记.. ［已认证］	注册地址：中国广东深圳宝安区西乡街道航城大道翻身固戍工业园A1栋三楼                                    查看地图	东莞 童装	https://shop269289y456673.1688.com/page/creditdetail.htm	注册资本：人民币200万元 ［已认证］	深圳比牧奇服饰有限公司	13590175679	shop269289y456673	2018-03-24	联系人：陈晓梅	成立时间：2015年11月18日 ［已认证］
alibaba	经营范围：服装服饰销售。以下项目涉及应取得许可审批的，须凭相关审批文件方可经营:服装服饰生产加工 ［已认证］	注册地址：中国广东深圳龙岗区平湖街道山夏社区山夏新村一路5-5号                                    查看地图	东莞 童装	https://shop1426956033231.1688.com/page/creditdetail.htm	注册资本：无需验资 ［已认证］	深圳市龙岗区鲲驰制衣厂	15107691731	shop1426956033231	2018-03-24	联系人：叶建军	成立时间：2015年03月13日 ［已认证］
alibaba	经营范围：一般经营项目：批发兼零售：服装、针纺织品、鞋帽、日用品。 ［已认证］	注册地址：中国河南郑州二七区福寿街东、裕元里北万博商城二期12层12049                                    查看地图	东莞 童装	https://shop1495952827081.1688.com/page/creditdetail.htm	注册资本：人民币50万元 ［已认证］	郑州歌贝儿服饰有限公司	*	shop1495952827081	2018-03-24	联系人：赵坤震	成立时间：2012年05月23日 ［已认证］
alibaba	经营范围：设计、产销：服饰、服装、烫画、烫钻、电脑绣花制品；销售：鞋、帽、箱包、皮具、手袋、饰品、服装辅料；货物进出口、技术进出口。 ［已认证］	注册地址：中国广东东莞虎门镇社岗东坊十一巷一号                                    查看地图	东莞 童装	https://neatkids.1688.com/page/creditdetail.htm	注册资本：人民币100万元 ［已认证］	东莞市聚星树服饰有限公司	18122979188	neatkids	2018-03-24	联系人：罗哲	成立时间：2014年05月09日 ［已认证］
alibaba	经营范围：零售：服饰。 ［已认证］	注册地址：中国广东东莞大朗镇巷头社区大朗怡景花园A5-304房                                    查看地图	东莞 童装	https://ylaiya.1688.com/page/creditdetail.htm	注册资本：无需验资 ［已认证］	东莞市大朗依莱娅服饰店	13480885660	ylaiya	2018-03-24	联系人：陈飞	成立时间：2013年10月25日 ［已认证］
alibaba	经营范围：一般经营项目：    服装服饰、鞋帽、纺织品等产品的销售 许可经营项目：    服装服饰、鞋帽、纺织品等产品的生产加工 ［已认证］	注册地址：中国广东深圳宝安区西乡街道南昌路62号工业区A5栋3楼                                    查看地图	东莞 童装	https://shop1460393816167.1688.com/page/creditdetail.htm	注册资本：无需验资 ［已认证］	深圳市宝安区西乡衣洋洋服装厂	13510488942	shop1460393816167	2018-03-24	联系人：万妙梦	成立时间：2016年03月23日 ［已认证］
alibaba	注册资本：RMB 0 万元	注册地址：大朗镇巷头社区金朗北路豪华商铺27号                                    查看地图	东莞 童装	https://xiongxinmaozhi.1688.com/page/creditdetail.htm	成立时间：2015-12-23 00:00:00	东莞市大朗雄新毛织厂	13712761401	xiongxinmaozhi	2018-03-24	联系人：李井雄	企业名称：东莞市大朗雄新毛织厂 ［已认证］
alibaba	经营范围：销售：服装、针织品。 (依法须经批准的项目，经相关部门批准后方可开展经营活动)〓 ［已认证］	注册地址：中国广东东莞虎门镇大莹女装城三楼32、33号铺位                                    查看地图	东莞 童装	https://xinlongzzh.1688.com/page/creditdetail.htm	注册资本：人民币3万元 ［已认证］	东莞市步莎服装有限公司	15814250828	xinlongzzh	2018-03-24	联系人：俞美丽	成立时间：2011年07月14日 ［已认证］
alibaba	经营范围：产销：服饰、服装、鞋、帽、袜、饰品、箱包。 ［已认证］	注册地址：中国广东东莞虎门镇东风社区沙埗头小组建业路1号七楼701                                    查看地图	东莞 童装	https://south180.1688.com/page/creditdetail.htm	注册资本：人民币3万元 ［已认证］	东莞市以南服饰有限公司	13532996008	south180	2018-03-24	联系人：吴彬铭	成立时间：2013年10月17日 ［已认证］
alibaba	经营范围：一般经营项目：服装批发销售。 ［已认证］	注册地址：中国广东深圳龙岗区布吉街道罗岗社区龙珠综合楼三楼库马服装城D3056                                    查看地图	东莞 童装	https://chenxing668.1688.com/page/creditdetail.htm	注册资本：无需验资 ［已认证］	深圳市龙岗区辰星服装销售部	16620619115	chenxing668	2018-03-24	联系人：黄雅熙	成立时间：2018年02月28日 ［已认证］
alibaba	经营范围：儿童服饰、文具用品销售。（依法须经批准的项目，经相关部门批准后方可开展经营活动） ［已认证］	注册地址：中国湖南永州回龙圩管理区罐头厂宿舍                                    查看地图	东莞 童装	https://shop5590e963648f6.1688.com/page/creditdetail.htm	注册资本：无需验资 ［已认证］	回龙圩诚信儿童服饰店	13973478971	shop5590e963648f6	2018-03-24	联系人：陈慧珍	成立时间：2017年11月30日 ［已认证］
alibaba	经营范围：产销：服饰、服装；销售：服装辅料、鞋、帽、袜、纺织品。 ［已认证］	注册地址：中国广东东莞虎门镇北栅西坊工业区西兴七街10号五楼                                    查看地图	东莞 童装	https://chaobao1688.1688.com/page/creditdetail.htm	注册资本：人民币50万元 ［已认证］	东莞市潮宝服饰有限公司	13450405115	chaobao1688	2018-03-24	联系人：张萍	成立时间：2010年10月13日 ［已认证］
alibaba	经营范围：服装的批发与零售。 ［已认证］	注册地址：中国广东深圳福田区梅林街道梅林怡景大厦605A                                    查看地图	东莞 童装	https://shop41730q1739683.1688.com/page/creditdetail.htm	注册资本：无需验资 ［已认证］	深圳市福田区郎旺服装贸易商行	13580049958	shop41730q1739683	2018-03-24	联系人：雷铭海	成立时间：2015年11月18日 ［已认证］
alibaba	注册资本：RMB 100 万元	注册地址：大朗镇巷头社区富康南二巷十号                                    查看地图	东莞 童装	https://shop1488214767849.1688.com/page/creditdetail.htm	成立时间：2016-06-17	东莞市君艳服饰有限公司	15917735637	shop1488214767849	2018-03-24	联系人：杨兰君	企业名称：东莞市君艳服饰有限公司 ［已认证］
alibaba	经营范围：加工：服装。 ［已认证］	注册地址：中国广东东莞虎门镇博涌华远工业大厦                                    查看地图	东莞 童装	https://holahada123.1688.com/page/creditdetail.htm	注册资本：无需验资 ［已认证］	东莞市虎门永通服装厂	15626141766	holahada123	2018-03-24	联系人：方春城	成立时间：2003年05月22日 ［已认证］
alibaba	经营范围：生产、加工、销售：服装（不含洗水、漂染）。 ［已认证］	注册地址：中国广东惠州博罗县龙溪镇夏寮村委会第一村民小组岗上埔景泰豪庭二期C2栋601                                    查看地图	东莞 童装	https://hbjunjiani.1688.com/page/creditdetail.htm	注册资本：人民币50万元 ［已认证］	博罗县俊佳妮服饰有限公司	18682186579	hbjunjiani	2018-03-24	联系人：袁秋成	成立时间：2014年03月26日 ［已认证］
alibaba	经营范围：一般经营项目:电子产品、数码产品、五金塑胶产品、电子元气件的技术开发与销售；服装服饰、箱包、玩具、配饰、工艺礼品、家居用品的销售；经营电子商务；投资兴办实业；国.. ［已认证］	注册地址：中国广东深圳南山区南头街道关口路25号翠岭大厦508                                    查看地图	东莞 童装	https://sztechking.1688.com/page/creditdetail.htm	注册资本：人民币100万元 ［已认证］	深圳市泰合信实业有限公司	18822891047	sztechking	2018-03-24	联系人：樊玲娟	成立时间：2014年09月15日 ［已认证］
alibaba	经营范围：服装，鞋帽批发零售(依法须经批准的项目，经相关部门批准后方可开展经营活动)〓 ［已认证］	注册地址：中国广东东莞虎门镇镇口社区第二工业区步行街11号君悦大楼6楼603                                    查看地图	东莞 童装	https://shop477jms1716147.1688.com/page/creditdetail.htm	注册资本：无需验资 ［已认证］	东莞市虎门倚曼梦服装商行	固话：0769 - 54545754	shop477jms1716147	2018-03-24	联系人：陈龙清	成立时间：2017年09月15日 ［已认证］
alibaba	经营范围：产销：服饰；电脑绣花。 (依法须经批准的项目，经相关部门批准后方可开展经营活动)〓 ［已认证］	注册地址：中国广东东莞虎门镇博涌社区博美龙底工业区1路10号                                    查看地图	东莞 童装	https://nova0769.1688.com/page/creditdetail.htm	注册资本：人民币30万元 ［已认证］	东莞市彤星服饰有限公司	13725707388	nova0769	2018-03-24	联系人：陈才明	成立时间：2009年08月13日 ［已认证］
alibaba	经营范围：产销、加工：服饰、服装、针织品、毛织品、梭织品、鞋帽、袜子。(依法须经批准的项目，经相关部门批准后方可开展经营活动)〓 ［已认证］	注册地址：中国广东东莞大朗镇大井头社区盈丰五街22号                                    查看地图	东莞 童装	https://taidieey.1688.com/page/creditdetail.htm	注册资本：人民币100万元 ［已认证］	东莞市大朗泰蝶服饰源头厂家	18664185428	taidieey	2018-03-24	联系人：伍东泰	成立时间：2017年08月10日 ［已认证］
alibaba	经营范围：设计、生产、销售：服饰、服装；销售：毛纱、纺织原料、服装辅料（不含危险化学品）；货物进出口、技术进出口。 (依法须经批准的项目，经相关部门批准后方可开展.. ［已认证］	注册地址：中国广东东莞大朗镇大井头社区盈丰路13号                                    查看地图	东莞 童装	https://ybh158.1688.com/page/creditdetail.htm	注册资本：人民币50万元 ［已认证］	远博服饰源头厂家	13238302536	ybh158	2018-03-24	联系人：单国军	成立时间：2009年05月21日 ［已认证］
alibaba	经营范围：加工、产销：服装、玩具。 ［已认证］	注册地址：中国广东东莞茶山镇卢边村大基埔工业区                                    查看地图	东莞 童装	https://aomaili.1688.com/page/creditdetail.htm	注册资本：人民币50万元 ［已认证］	奥迈丽制衣源头厂家	18998018889	aomaili	2018-03-24	联系人：彭小艳	成立时间：2016年12月20日 ［已认证］
alibaba	经营范围：以下项目涉及应取得许可审批的，须凭相关审批文件方可经营:服装，服饰的生产及销售。 ［已认证］	注册地址：中国广东深圳龙岗区坂田街道坂田社区吉华路坂田第三工业区7栋一楼101                                    查看地图	东莞 童装	https://shop002z0l4558921.1688.com/page/creditdetail.htm	注册资本：无需验资 ［已认证］	深圳市龙岗区喜利得服装厂	13104762094	shop002z0l4558921	2018-03-24	联系人：张英雪	成立时间：2018年03月08日 ［已认证］
alibaba	经营范围：设计、生产、销售：服饰、鞋帽、箱包、针纺织品、家居用品；计算机网络技术开发；企业形象设计；计算机技术咨询服务。 ［已认证］	注册地址：中国广东东莞茶山镇增埗村竹园山工业区黄岭路                                    查看地图	东莞 童装	https://dieman.1688.com/page/creditdetail.htm	注册资本：人民币10万元 ［已认证］	东莞市蝶曼服饰实业有限公司	13802457976	dieman	2018-03-24	联系人：赖谷慧	成立时间：2012年10月19日 ［已认证］
alibaba	经营范围：生产、销售：服装、服饰、服装辅料、布料、鞋、帽。 ［已认证］	注册地址：中国广东东莞大朗镇黎贝岭村聚新四路183号尚美汇大厦四楼6号                                    查看地图	东莞 童装	https://chunzhihuatz.1688.com/page/creditdetail.htm	注册资本：人民币100万元 ［已认证］	春之花童装源头厂家	13790599596	chunzhihuatz	2018-03-24	联系人：王桂凤	成立时间：2017年04月14日 ［已认证］
alibaba	经营范围：网上销售、销售：服饰、鞋类、饰品。 ［已认证］	注册地址：中国广东东莞樟木头镇柏地银河北路13号二楼（集群注册）                                    查看地图	东莞 童装	https://samgamibabynkids.1688.com/page/creditdetail.htm	注册资本：人民币100万元 ［已认证］	samgami baby官方旗舰店	18718878600	samgamibabynkids	2018-03-24	联系人：刘巧辉	成立时间：2016年05月26日 ［已认证］
alibaba	经营范围：一般经营项目:服装批发与零售。（法律、行政法规禁止的项目除外；法律、行政法规限制的项目须取得许可后方可经营） ［已认证］	注册地址：中国广东深圳龙华新区龙华街道望成路玉翠新村A区95栋102                                    查看地图	东莞 童装	https://ip3986.1688.com/page/creditdetail.htm	注册资本：无需验资 ［已认证］	深圳市龙华新区盛世华南服装销售部	13686022142	ip3986	2018-03-24	联系人：李炎亮	成立时间：2017年02月08日 ［已认证］
alibaba	经营范围：销售：服饰、童装、童鞋、袜、帽、围巾、饰品。 ［已认证］	注册地址：中国广东东莞虎门镇博美村十三巷7号                                    查看地图	东莞 童装	https://duducream.1688.com/page/creditdetail.htm	注册资本：人民币100万元 ［已认证］	Dudu cream官方旗舰店	固话：153 - 62414329	duducream	2018-03-24	联系人：林承都	成立时间：2016年02月24日 ［已认证］
alibaba	经营范围：一般经营项目：   许可经营项目：   服装生产加工 ［已认证］	注册地址：中国广东深圳龙华新区观澜街道富坑社区同富裕工业区6号A栋2楼                                    查看地图	东莞 童装	https://opperman.1688.com/page/creditdetail.htm	注册资本：无需验资 ［已认证］	深圳市龙华新区欧柏曼服装制造厂	13662749026	opperman	2018-03-24	联系人：黎彩	成立时间：2016年06月28日 ［已认证］
alibaba	经营范围：一般经营项目:服装、服饰的批发及零售。 许可经营项目:服装、服饰的生产及加工 ［已认证］	注册地址：中国广东深圳龙岗区坂田街道吉华路423号凤村工业区56栋一楼                                    查看地图	东莞 童装	https://shop1425919646100.1688.com/page/creditdetail.htm	注册资本：无需验资 ［已认证］	深圳市龙岗区星梦轻舞服装厂	13802774508	shop1425919646100	2018-03-24	联系人：刘健	成立时间：2015年03月02日 ［已认证］
alibaba	经营范围：生产、加工、销售：服装、鞋、帽、窗帘、床上用品。 (依法须经批准的项目，经相关部门批准后方可开展经营活动)〓 ［已认证］	注册地址：中国广东东莞虎门镇镇口社区镇兴大道三十二巷四号六楼                                    查看地图	东莞 童装	https://aofulai.1688.com/page/creditdetail.htm	注册资本：人民币50万元 ［已认证］	东莞市奥富莱服饰有限公司	13924347336	aofulai	2018-03-24	联系人：曹六生	成立时间：2016年12月20日 ［已认证］
alibaba	经营范围：一般经营项目：    服装的销售 许可经营项目：    服装的生产加工 ［已认证］	注册地址：中国广东深圳龙岗区南湾街道上李朗平吉大道2号汇富工业区D栋2楼                                    查看地图	东莞 童装	https://bbqchoses.1688.com/page/creditdetail.htm	注册资本：无需验资 ［已认证］	深圳市龙岗区南湾伟熙制衣厂	13652554840	bbqchoses	2018-03-24	联系人：卢伟强	成立时间：2015年04月21日 ［已认证］
alibaba	经营范围：零售：毛衣。 ［已认证］	注册地址：中国广东东莞大朗镇巷头社区毛织贸易中心1-C233号                                    查看地图	东莞 童装	https://shop1468168721663.1688.com/page/creditdetail.htm	注册资本：无需验资 ［已认证］	东莞市大朗雪雅时装店	13532987058	shop1468168721663	2018-03-24	联系人：刘少烈	成立时间：2010年01月07日 ［已认证］
alibaba	经营范围：服装批发和零售。^ ［已认证］	注册地址：中国广东深圳宝安区新桥街道万丰社区大钟岗路二巷106号                                    查看地图	东莞 童装	https://shop976t2619099r6.1688.com/page/creditdetail.htm	注册资本：无需验资 ［已认证］	深圳市宝安区新桥斯衣兰卡服装商行	*	shop976t2619099r6	2018-03-24	联系人：黎才良	成立时间：2017年09月07日 ［已认证］
alibaba	经营范围：生产、加工、销售：服装、服饰。 ［已认证］	注册地址：中国广东东莞大朗镇求富路社区求富路三区99号二楼                                    查看地图	东莞 童装	https://shop1491883684014.1688.com/page/creditdetail.htm	注册资本：人民币100万元 ［已认证］	东莞市唯童世家服装服饰有限公司	13925710400	shop1491883684014	2018-03-24	联系人：钟娟	成立时间：2017年03月20日 ［已认证］
alibaba	经营范围：产销：服装。 (依法须经批准的项目，经相关部门批准后方可开展经营活动)〓 ［已认证］	注册地址：中国广东东莞中堂镇江南工业东区中心路55号二楼西面厂房                                    查看地图	东莞 童装	https://shop1493225866151.1688.com/page/creditdetail.htm	注册资本：人民币200万元 ［已认证］	东莞市童源服装有限公司	13535228968	shop1493225866151	2018-03-24	联系人：蒋先清	成立时间：2016年07月25日 ［已认证］
alibaba	经营范围：一般经营项目：批发、零售：童装。 许可经营项目：无（一般经营项目可以自主经营；许可经营项目凭批准文件、证件经营） ［已认证］	注册地址：中国广东东莞虎门镇永安路41号之二楼B30号铺                                    查看地图	东莞 童装	https://shop1492534012690.1688.com/page/creditdetail.htm	注册资本：无需验资 ［已认证］	东莞市虎门裳艺童装经营部	固话：0769 - 82188593	shop1492534012690	2018-03-24	联系人：林秀枝	成立时间：2014年01月13日 ［已认证］
alibaba	经营范围：批发、零售：毛织时装。 ［已认证］	注册地址：中国广东东莞大朗镇巷头社区广东毛织市场二楼B157号                                    查看地图	东莞 童装	https://xymyshop.1688.com/page/creditdetail.htm	注册资本：无需验资 ［已认证］	东莞市大朗向阳毛织时装店	13480885660	xymyshop	2018-03-24	联系人：陈飞	成立时间：2014年10月10日 ［已认证］
alibaba	经营范围：一般经营项目：服装、服饰的批发零售（法律、行政法规、国务院决定规定在登记前须批准的项目除外）许可经营项目：服装、服饰的生产加工 ［已认证］	注册地址：中国广东深圳龙华新区民治街道民治第一工业区5栋2楼                                    查看地图	东莞 童装	https://baiseyiren.1688.com/page/creditdetail.htm	注册资本：无需验资 ［已认证］	深圳市龙华新区百色伊人坊服装厂	18929739973	baiseyiren	2018-03-24	联系人：张琳	成立时间：2016年06月15日 ［已认证］
alibaba	经营范围：销售:服装、服装辅料、鞋、袜子、帽子、手套、童装、毛毯、被子、布料；货物进出口。(依法须经批准的项目，经相关部门批准后方可开展经营活动)〓 ［已认证］	注册地址：中国广东东莞常平镇横江厦村星汇广场2幢07楼704B                                    查看地图	东莞 童装	https://18025128008.1688.com/page/creditdetail.htm	注册资本：人民币100万元 ［已认证］	东莞市浩鑫服装有限公司	18025128008	18025128008	2018-03-24	联系人：程红伟	成立时间：2014年04月02日 ［已认证］
alibaba	经营范围：一般经营项目:服装批发零售 许可经营项目:服装生产加工 ［已认证］	注册地址：中国广东深圳南山区桃源街道桃园大新新村97栋301                                    查看地图	东莞 童装	https://xg10328.1688.com/page/creditdetail.htm	注册资本：无需验资 ［已认证］	深圳市南山区香广服饰厂	13728140794	xg10328	2018-03-24	联系人：叶香伟	成立时间：2015年09月10日 ［已认证］
alibaba	经营范围：一般经营项目:服装的批发与零售 ［已认证］	注册地址：中国广东深圳南山区沙河街道下白石二坊44号                                    查看地图	东莞 童装	https://shop1458061289182.1688.com/page/creditdetail.htm	注册资本：无需验资 ［已认证］	深圳市南山区夏日印象服装商行	13686108483	shop1458061289182	2018-03-24	联系人：刘生	成立时间：2016年03月10日 ［已认证］
alibaba	注册资本：RMB 0 万元	注册地址：大朗镇求富路社区三区110号                                    查看地图	东莞 童装	https://wakakatz.1688.com/page/creditdetail.htm	成立时间：2017-03-15	东莞市大朗哇咔咔童装店	13480885660	wakakatz	2018-03-24	联系人：陈飞	企业名称：东莞市大朗哇咔咔童装店 ［已认证］
alibaba	经营范围：生产、加工、销售、网上销售：电脑针织品、服装、服饰。(依法须经批准的项目，经相关部门批准后方可开展经营活动)〓 ［已认证］	注册地址：中国广东东莞大朗镇巷头社区沙梨园21号                                    查看地图	东莞 童装	https://shop1395766429722.1688.com/page/creditdetail.htm	注册资本：人民币50万元 ［已认证］	东莞市惠乐电脑针织有限公司	13360456999	shop1395766429722	2018-03-24	联系人：李银周	成立时间：2016年06月17日 ［已认证］
alibaba	经营范围：一般经营项目：   服装批发销售（法律、行政法规 、国务院决定规定在登记前须批准的项目除外）许可经营项目：   服装生产加工 ［已认证］	注册地址：中国广东深圳龙华新区大浪街道同胜社区三合新一村72栋3楼                                    查看地图	东莞 童装	https://shop1466268790898.1688.com/page/creditdetail.htm	注册资本：无需验资 ［已认证］	深圳市龙华新区依品客制衣厂	13266083773	shop1466268790898	2018-03-24	联系人：潘业勇	成立时间：2016年04月26日 ［已认证］
alibaba	注册资本：人民币 100 万元	注册地址：东莞市莞城街道兴塘社区白沙塘大兴路11号3楼                                    查看地图	东莞 童装	https://shop1475910681722.1688.com/page/creditdetail.htm	成立时间：2016-01-19	东莞市默默雨商贸有限公司	13855253306	shop1475910681722	2018-03-24	联系人：黄磊	企业名称：东莞市默默雨商贸有限公司 ［已认证］
alibaba	经营范围：销售：服装。 (依法须经批准的项目，经相关部门批准后方可开展经营活动)〓 ［已认证］	注册地址：中国广东东莞虎门镇太沙路六巷7号                                    查看地图	东莞 童装	https://xiaost01.1688.com/page/creditdetail.htm	注册资本：无需验资 ［已认证］	东莞市虎门小神童童装店	15118293036	xiaost01	2018-03-24	联系人：段球明	成立时间：2012年04月19日 ［已认证］
alibaba	经营范围：服装的批发零售。（法律、行政法规、国务院决定规定在登记前须经批准的项目除外）服装加工；批发零售，加工 ［已认证］	注册地址：中国广东深圳龙华新区大浪街道高峰社区元芬工业区C栋二楼                                    查看地图	东莞 童装	https://jianjianhao168.1688.com/page/creditdetail.htm	注册资本：无需验资 ［已认证］	深圳市龙华新区件件好服装厂	13046277907	jianjianhao168	2018-03-24	联系人：潘春光	成立时间：2016年06月12日 ［已认证］
alibaba	经营范围：一般经营项目:服装的批发零售。 许可经营项目:服装的生产加工。 ［已认证］	注册地址：中国广东深圳龙岗区南湾街道盛宝路中海信工业园E栋5楼505                                    查看地图	东莞 童装	https://741830033.1688.com/page/creditdetail.htm	注册资本：无需验资 ［已认证］	深圳市龙岗区翼兴城服装厂	13538014601	741830033	2018-03-24	联系人：李桂	成立时间：2015年04月30日 ［已认证］
alibaba	经营范围：批发、零售：服装。 ［已认证］	注册地址：中国广东东莞万江区石美社区环城街151号之二                                    查看地图	东莞 童装	https://hffz15019114002.1688.com/page/creditdetail.htm	注册资本：无需验资 ［已认证］	东莞市万江锦丽服装贸易商行	13538333625	hffz15019114002	2018-03-24	联系人：刘思敏	成立时间：2014年04月18日 ［已认证］
alibaba	经营范围：服装的批发及零售。 ［已认证］	注册地址：中国广东深圳福田区莲花街道金田路2017号辛城花园105号                                    查看地图	东莞 童装	https://yiranwang.1688.com/page/creditdetail.htm	注册资本：无需验资 ［已认证］	深圳市福田区依然旺服装贸易商行	13713193370	yiranwang	2018-03-24	联系人：张金梅	成立时间：2015年08月11日 ［已认证］
alibaba	注册资本：RMB 0 万元	注册地址：宝安区沙井街道辛安路北七巷4号101                                    查看地图	东莞 童装	https://shop1457456422544.1688.com/page/creditdetail.htm	成立时间：2015-04-01	深圳市宝安区沙井依梦衣源服饰经营部	17051179755	shop1457456422544	2018-03-24	联系人：林达杰	企业名称：深圳市宝安区沙井依梦衣源服饰经营部 ［已认证］
alibaba	经营范围：一般经营项目：    服装、服饰批发零售 许可经营项目： ［已认证］	注册地址：中国广东深圳宝安区沙井街道宝安大道春和雅苑B45号                                    查看地图	东莞 童装	https://shop1405616389605.1688.com/page/creditdetail.htm	注册资本：无需验资 ［已认证］	深圳市宝安区沙井好运来服装贸易商行	13412282663	shop1405616389605	2018-03-24	联系人：何庚	成立时间：2014年04月08日 ［已认证］
alibaba	经营范围：销售：服装。(依法须经批准的项目，经相关部门批准后方可开展经营活动)〓 ［已认证］	注册地址：中国广东东莞万江街道蚬涌社区梅树墩向阳路二巷1号商铺                                    查看地图	东莞 童装	https://shop1465317971193.1688.com/page/creditdetail.htm	注册资本：无需验资 ［已认证］	东莞市万江冈本服装商行	*	shop1465317971193	2018-03-24	联系人：沈云	成立时间：2016年06月02日 ［已认证］
alibaba	经营范围：生产、加工、销售：服饰、服装、毛织品、针织品。 ［已认证］	注册地址：中国广东东莞大朗镇松柏朗村寸地岭332号                                    查看地图	东莞 童装	https://shop1467738676982.1688.com/page/creditdetail.htm	注册资本：无需验资 ［已认证］	东莞市大朗意元服饰厂	固话：0769 - 1234567	shop1467738676982	2018-03-24	联系人：李桂金	成立时间：2016年04月11日 ［已认证］
alibaba	经营范围：批发、零售：服装。 ［已认证］	注册地址：中国广东东莞虎门镇太宝路虎门电商产业园5栋5435号                                    查看地图	东莞 童装	https://jinran86.1688.com/page/creditdetail.htm	注册资本：无需验资 ［已认证］	东莞市虎门谨然服装批发商行	18024338230	jinran86	2018-03-24	联系人：朱菲	成立时间：2014年07月01日 ［已认证］
alibaba	经营范围：批发、零售：童装。(依法须经批准的项目，经相关部门批准后方可开展经营活动)〓 ［已认证］	注册地址：中国广东东莞虎门镇银龙路大莹东方国际服装商贸城四楼E420B商铺                                    查看地图	东莞 童装	https://tqtzmyb.1688.com/page/creditdetail.htm	注册资本：无需验资 ［已认证］	东莞市虎门童琦童装贸易部	13713397828	tqtzmyb	2018-03-24	联系人：陈向阳	成立时间：2014年05月27日 ［已认证］
alibaba	注册资本：RMB 0 万元	注册地址：大鹏新区葵涌街道葵鹏路61号                                    查看地图	东莞 童装	https://shop1439225246776.1688.com/page/creditdetail.htm	成立时间：2015-07-31 00:00:00	深圳市大鹏新区嘟一加童装厂	13602363100	shop1439225246776	2018-03-24	联系人：周芳芳	企业名称：深圳市大鹏新区嘟一加童装厂 ［已认证］
alibaba	经营范围：零售：服装。 ［已认证］	注册地址：中国广东东莞大朗镇巷头社区金朗中路5号A                                    查看地图	东莞 童装	https://shop1444459461114.1688.com/page/creditdetail.htm	注册资本：无需验资 ［已认证］	东莞市大朗依佳时装店	固话：0769 - 83134926	shop1444459461114	2018-03-24	联系人：戴丹花	成立时间：2011年06月10日 ［已认证］
alibaba	经营范围：产销：服装。 ［已认证］	注册地址：中国广东东莞石龙镇西湖三路45号                                    查看地图	东莞 童装	https://yaxinfz.1688.com/page/creditdetail.htm	注册资本：人民币50万元 ［已认证］	东莞市雅昕服装有限公司	13238307200	yaxinfz	2018-03-24	联系人：李永见	成立时间：2013年11月25日 ［已认证］
alibaba	注册资本：RMB 0 万元	注册地址：南山区南山街道南园村南园西街27号502                                    查看地图	东莞 童装	https://shop1458147584364.1688.com/page/creditdetail.htm	成立时间：2016-03-15	深圳市南山区菲梵空间服饰贸易商行	固话：157 - 06685545	shop1458147584364	2018-03-24	联系人：李培深	企业名称：深圳市南山区菲梵空间服饰贸易商行 ［已认证］
alibaba	经营范围：一般经营项目：零售：服装。 许可经营项目：无（一般经营项目可以自主经营；许可经营项目凭批准文件、证件经营）(依法须经批准的项目，经相关部门批准后方可开展经营活动.. ［已认证］	注册地址：中国广东东莞厚街镇南五村岭祥街六巷3号                                    查看地图	东莞 童装	https://shop1435942759477.1688.com/page/creditdetail.htm	注册资本：无需验资 ［已认证］	东莞市厚街龙尚服装经营部	13790656033	shop1435942759477	2018-03-24	联系人：林水凤	成立时间：2014年01月17日 ［已认证］
alibaba	经营范围：一般经营项目:服装批发零售。 ［已认证］	注册地址：中国广东深圳南山区蛇口街道南水路51-2号                                    查看地图	东莞 童装	https://huanmenglin.1688.com/page/creditdetail.htm	注册资本：无需验资 ［已认证］	深圳市南山区幻梦林服装贸易商行	15012743932	huanmenglin	2018-03-24	联系人：梁小凤	成立时间：2016年07月21日 ［已认证］
alibaba	经营范围：销售：服装。 ［已认证］	注册地址：中国广东东莞大朗镇巷头社区沙头街15号左起1、2号                                    查看地图	东莞 童装	https://shop1398704197739.1688.com/page/creditdetail.htm	注册资本：无需验资 ［已认证］	东莞市大朗简美服装经营部	*	shop1398704197739	2018-03-24	联系人：崔同保	成立时间：2014年03月25日 ［已认证］
alibaba	经营范围：产销：服装、转印设备、打印耗材、办公用品、电子产品、工艺品、模具钢材、陶瓷制品、五金制品。                                (.. ［已认证］	注册地址：中国广东东莞长安镇上沙社区沙朗区荣富路22号厂房第一栋3楼                                    查看地图	东莞 童装	https://tandythrui.1688.com/page/creditdetail.htm	注册资本：人民币50万元 ［已认证］	东莞市盛容实业有限公司	13751207968	tandythrui	2018-03-24	联系人：蔡家林	成立时间：2012年12月06日 ［已认证］
alibaba	经营范围：一般经营项目:服装批发与零售。 ［已认证］	注册地址：中国广东深圳福田区华强北街道振兴路佳年外贸批发城2层2002                                    查看地图	东莞 童装	https://shop1445878746390.1688.com/page/creditdetail.htm	注册资本：无需验资 ［已认证］	深圳市福田区伊莱路服装贸易商行	13360730135	shop1445878746390	2018-03-24	联系人：张芷浩	成立时间：2015年10月22日 ［已认证］
alibaba	经营范围：生产、加工、销售：服饰、服装。 ［已认证］	注册地址：中国广东东莞虎门镇银龙南路永康街北二巷1号                                    查看地图	东莞 童装	https://shop1467306602074.1688.com/page/creditdetail.htm	注册资本：人民币100万元 ［已认证］	东莞市蓝悦服饰有限公司	13790439148	shop1467306602074	2018-03-24	联系人：周利君	成立时间：2016年06月22日 ［已认证］
alibaba	经营范围：批发、零售：服装、服饰。 (依法须经批准的项目，经相关部门批准后方可开展经营活动)〓 ［已认证］	注册地址：中国广东东莞万江区石美社区黄屋氹商业楼90号铺                                    查看地图	东莞 童装	https://1395420876516.1688.com/page/creditdetail.htm	注册资本：无需验资 ［已认证］	东莞市万江万乐服装贸易商行	*	1395420876516	2018-03-24	联系人：刘志松	成立时间：2014年03月19日 ［已认证］
alibaba	经营范围：销售：服装。 ［已认证］	注册地址：中国广东东莞万江街道共联社区一区二巷9号铺                                    查看地图	东莞 童装	https://ip89.1688.com/page/creditdetail.htm	注册资本：无需验资 ［已认证］	东莞市万江好又来服装销售部	固话：0769 - 13138796030	ip89	2018-03-24	联系人：冯国军	成立时间：2010年05月05日 ［已认证］
alibaba	经营范围：^服装生产加工；加工 ［已认证］	注册地址：中国广东深圳龙岗区坂田街道雪象社区威宇隆工业区A栋315                                    查看地图	东莞 童装	https://mingzhichen.1688.com/page/creditdetail.htm	注册资本：无需验资 ［已认证］	深圳市龙岗区铭志诚服装厂	13534221710	mingzhichen	2018-03-24	联系人：彭薇	成立时间：2014年05月16日 ［已认证］
alibaba	经营范围：网上销售：服装。(依法须经批准的项目，经相关部门批准后方可开展经营活动)〓 ［已认证］	注册地址：中国广东东莞寮步镇向西村257号                                    查看地图	东莞 童装	https://shop1409330498681.1688.com/page/creditdetail.htm	注册资本：无需验资 ［已认证］	东莞市寮步小欣贤童装商店	13686652809	shop1409330498681	2018-03-24	联系人：钟焕通	成立时间：2014年08月18日 ［已认证］
alibaba	经营范围：批发、零售：服饰。 ［已认证］	注册地址：中国广东东莞虎门镇大莹东方国际服装商贸城四楼B403号铺位                                    查看地图	东莞 童装	https://zyk968.1688.com/page/creditdetail.htm	注册资本：无需验资 ［已认证］	东莞市虎门锦雅服饰店	15377798832	zyk968	2018-03-24	联系人：张应坤	成立时间：2012年06月01日 ［已认证］
alibaba	经营范围：生产、加工：服装、纺织品、服装辅料；销售：纺织原料、围巾、鞋、帽、箱包、皮革制品、玩具、手袋、百货；货物进出口、技术进出口。 ［已认证］	注册地址：中国广东东莞大朗镇蔡边村地塘头二区653号3楼                                    查看地图	东莞 童装	https://shop1403542697661.1688.com/page/creditdetail.htm	注册资本：人民币50万元 ［已认证］	东莞市追梦服装纺织有限公司	13428501680	shop1403542697661	2018-03-24	联系人：蒋晓舟	成立时间：2014年04月08日 ［已认证］
alibaba	经营范围：许可经营项目：无 一般经营项目：加工：针织品、毛织品。 ［已认证］	注册地址：中国广东东莞大朗镇巷头社区富康北一巷17号                                    查看地图	东莞 童装	https://zhixingsweater.1688.com/page/creditdetail.htm	注册资本：无需验资 ［已认证］	东莞市大朗致兴针织厂	13549314969	zhixingsweater	2018-03-24	联系人：张智勇	成立时间：2013年05月17日 ［已认证］
alibaba	经营范围：零售、批发：服装。 ［已认证］	注册地址：中国广东东莞万江街道共联社区古屋邨东二区3巷1号铺                                    查看地图	东莞 童装	https://crfz668.1688.com/page/creditdetail.htm	注册资本：无需验资 ［已认证］	东莞市万江长润服装商行	18822897843	crfz668	2018-03-24	联系人：林潇远	成立时间：2017年03月20日 ［已认证］
alibaba	经营范围：加工、销售：服饰、服装。 ［已认证］	注册地址：中国广东东莞虎门镇博涌社区社岗村东坊大道第二栋301号                                    查看地图	东莞 童装	https://antongfushi.1688.com/page/creditdetail.htm	注册资本：人民币50万元 ［已认证］	东莞市安童服饰有限公司	15217380978	antongfushi	2018-03-24	联系人：温红坤	成立时间：2017年03月16日 ［已认证］
alibaba	经营范围：网上销售、销售：服装、服饰、饰品、服装辅料、布料、皮草、五金配件、鞋、帽、箱包。 ［已认证］	注册地址：中国广东东莞虎门镇黄金洲天安大厦第八层8067号铺位                                    查看地图	东莞 童装	https://yanranxiaowu.1688.com/page/creditdetail.htm	注册资本：人民币100万元 ［已认证］	东莞市嫣然小屋童装有限公司	13712635717	yanranxiaowu	2018-03-24	联系人：张云芳	成立时间：2015年12月03日 ［已认证］
alibaba	经营范围：一般经营项目:服装、服饰、鞋帽的批发零售 许可经营项目:服装、服饰、鞋帽的生产加工。 ［已认证］	注册地址：中国广东深圳宝安区福永街道兴围社区兴华路轻工业厂房第二栋第四层401                                    查看地图	东莞 童装	https://yyxs13542372438.1688.com/page/creditdetail.htm	注册资本：无需验资 ［已认证］	深圳市宝安区福永衣衣相识服装厂	13542372438	yyxs13542372438	2018-03-24	联系人：陈科杰	成立时间：2017年02月16日 ［已认证］
alibaba	经营范围：服饰文化推广；服饰设计；销售：服装、服饰。                                (依法须经批准的项目，经相关部门批准后方可开展经营.. ［已认证］	注册地址：中国广东东莞松山湖高新技术产业开发区创新科技园11号楼201D、201E、205室(集群注册)                                    查看地图	东莞 童装	https://shop1467306305190.1688.com/page/creditdetail.htm	注册资本：人民币200万元 ［已认证］	东莞姬娜服饰文化有限公司	18454032556	shop1467306305190	2018-03-24	联系人：袁培民	成立时间：2016年04月07日 ［已认证］
alibaba	注册资本：RMB 0 万元	注册地址：南山区沙河街道沙河街78-1号一楼101                                    查看地图	东莞 童装	https://shop1456332465131.1688.com/page/creditdetail.htm	成立时间：2016-02-23	深圳市南山区志临服饰商行	固话：0769 - 15875885937	shop1456332465131	2018-03-24	联系人：宁振宇	企业名称：深圳市南山区志临服饰商行 ［已认证］
alibaba	经营范围：销售：服装、饰品。 ［已认证］	注册地址：中国广东东莞厚街镇南五村岭祥街二巷2号                                    查看地图	东莞 童装	https://haiyuanxueao.1688.com/page/creditdetail.htm	注册资本：无需验资 ［已认证］	东莞市厚街锦胜服饰经营部	固话：0769 - 13543460408	haiyuanxueao	2018-03-24	联系人：李亮国	成立时间：2011年07月06日 ［已认证］
alibaba	经营范围：销售：服装、鞋、服饰。 (依法须经批准的项目，经相关部门批准后方可开展经营活动)〓 ［已认证］	注册地址：中国广东东莞石排镇谷吓村太和中路北六巷十一号                                    查看地图	东莞 童装	https://shop1433868754788.1688.com/page/creditdetail.htm	注册资本：无需验资 ［已认证］	东莞市石排宝屋童装贸易部	固话：0769 - 18475418530	shop1433868754788	2018-03-24	联系人：陈康记	成立时间：2015年05月26日 ［已认证］
alibaba	经营范围：生产、销售：服饰、服装、鞋、袜、帽。                                (依法须经批准的项目，经相关部门批准后方可开展经营活动)〓.. ［已认证］	注册地址：中国广东东莞虎门镇博美渡轮路208号厂房2栋第五层                                    查看地图	东莞 童装	https://candybaby.1688.com/page/creditdetail.htm	注册资本：人民币10万元 ［已认证］	东莞市安祺服饰有限公司	15818299488	candybaby	2018-03-24	联系人：肖萍	成立时间：2012年07月13日 ［已认证］
alibaba	经营范围：产销：服装、服饰、鞋、帽、箱包、纺织品；销售：电脑横机；货物及技术进出口。 ［已认证］	注册地址：中国广东东莞大朗镇水口村下园四巷25号                                    查看地图	东莞 童装	https://mx2016.1688.com/page/creditdetail.htm	注册资本：人民币500万元 ［已认证］	东莞市萌校实业有限公司	固话：0769 - 89799438	mx2016	2018-03-24	联系人：汪隆隆	成立时间：2016年11月17日 ［已认证］
alibaba	经营范围：生产、销售：服饰、服装、针织品、毛织品；货物进出口。 ［已认证］	注册地址：中国广东东莞大朗镇巷头社区富康南4巷58号二楼                                    查看地图	东莞 童装	https://jiafumaoyi.1688.com/page/creditdetail.htm	注册资本：人民币100万元 ［已认证］	东莞市嘉富服装有限公司	13925595132	jiafumaoyi	2018-03-24	联系人：周蓉	成立时间：2017年04月05日 ［已认证］
alibaba	经营范围：一般经营项目：    服装、服饰的批发零售 许可经营项目：    服装、服饰的生产加工 ［已认证］	注册地址：中国广东深圳龙岗区坪地街道冠云街2号510                                    查看地图	东莞 童装	https://shop1467911510251.1688.com/page/creditdetail.htm	注册资本：无需验资 ［已认证］	深圳市龙岗区深情服装制衣厂	固话：0769 - 18148772783	shop1467911510251	2018-03-24	联系人：叶子豪	成立时间：2016年06月29日 ［已认证］
alibaba	经营范围：一般经营项目:服装的批发。 许可经营项目:服装的生产加工。 ［已认证］	注册地址：中国广东深圳光明新区公明街道长凤路长兴第二工业区9栋5楼                                    查看地图	东莞 童装	https://shop1428684762917.1688.com/page/creditdetail.htm	注册资本：无需验资 ［已认证］	深圳市光明新区公明依珊美服饰厂	13412282663	shop1428684762917	2018-03-24	联系人：李海军	成立时间：2015年04月07日 ［已认证］
alibaba	经营范围：一般经营项目:服装，服饰、鞋帽批发零售 ［已认证］	注册地址：中国广东深圳龙岗区龙岗街道平南社区榭丽花园4栋商铺17                                    查看地图	东莞 童装	https://shop1421772310475.1688.com/page/creditdetail.htm	注册资本：无需验资 ［已认证］	深圳市龙岗区嘉儿衣族服饰商行	15915276847	shop1421772310475	2018-03-24	联系人：吴执	成立时间：2015年01月16日 ［已认证］
alibaba	经营范围：一般经营项目:服装、服饰的批发与零售 许可经营项目:服装、服饰的生产 ［已认证］	注册地址：中国广东深圳龙岗区坂田街道上雪科技园B栋3楼303                                    查看地图	东莞 童装	https://yysfzpf.1688.com/page/creditdetail.htm	注册资本：无需验资 ［已认证］	深圳市龙岗区亿亿盛服装厂	15382824549	yysfzpf	2018-03-24	联系人：邱权	成立时间：2017年03月15日 ［已认证］
alibaba	经营范围：国内贸易，经营进出口业务。 ［已认证］	注册地址：中国广东深圳龙华新区龙华街道和平路84号                                    查看地图	东莞 童装	https://shop1445088847224.1688.com/page/creditdetail.htm	注册资本：人民币100万元 ［已认证］	深圳市欧杰瑞贸易有限公司	18676022865	shop1445088847224	2018-03-24	联系人：赖莉蓉	成立时间：2014年06月16日 ［已认证］
alibaba	经营范围：一般经营项目：批发、零售：童装、童鞋、饰品（法律、行政法规和国务院决定禁止或者规定应当取得许可的项目除外）。 许可经营项目：无（一般经营项目可以自主经营；许可经.. ［已认证］	注册地址：中国广东东莞樟木头镇樟罗中心商场F8号                                    查看地图	东莞 童装	https://samgami.1688.com/page/creditdetail.htm	注册资本：无需验资 ［已认证］	东莞市樟木头酷普童装店	18718878600	samgami	2018-03-24	联系人：邹淑芬	成立时间：2013年08月14日 ［已认证］
alibaba	经营范围：一般经营项目:服装、服饰的批发零售 许可经营项目:服装、服饰的加工生产，(建设项目环境影响审批，申报建设工程消防验收) ［已认证］	注册地址：中国广东深圳南山区沙河街道白石洲沙河工业区6栋4楼                                    查看地图	东莞 童装	https://miqiqi.1688.com/page/creditdetail.htm	注册资本：无需验资 ［已认证］	深圳市南山区米琪琪服饰厂	15817290008	miqiqi	2018-03-24	联系人：李鸿	成立时间：2016年04月13日 ［已认证］
alibaba	经营范围：批发、零售：服装。 ［已认证］	注册地址：中国广东东莞万江区石美社区樊么村榕树头6号铺                                    查看地图	东莞 童装	https://shop1409244335094.1688.com/page/creditdetail.htm	注册资本：无需验资 ［已认证］	东莞市万江加州服装贸易商行	13035827305	shop1409244335094	2018-03-24	联系人：毕艳玲	成立时间：2014年08月04日 ［已认证］
alibaba	经营范围：销售、设计:服饰；货物及技术进出口。(依法须经批准的项目，经相关部门批准后方可开展经营活动)〓 ［已认证］	注册地址：中国广东东莞东城区温塘百草岭横街7号                                    查看地图	东莞 童装	https://huanol.1688.com/page/creditdetail.htm	注册资本：人民币3万元 ［已认证］	东莞市华诺服饰有限公司	15017879179	huanol	2018-03-24	联系人：陈永华	成立时间：2013年09月30日 ［已认证］
alibaba	经营范围：网上批发、零售：服装、内衣、针织品。 ［已认证］	注册地址：中国广东东莞长安镇乌沙社区李屋西坊街5号                                    查看地图	东莞 童装	https://shop1397494452588.1688.com/page/creditdetail.htm	注册资本：无需验资 ［已认证］	东莞市长安娜伊服饰电子商务商行	18319078171	shop1397494452588	2018-03-24	联系人：容万旺	成立时间：2014年04月09日 ［已认证］
alibaba	经营范围：一般经营项目:???服装批发零售 ［已认证］	注册地址：中国广东深圳龙岗区坂田街道雪象社区威宇隆工业区B5栋203                                    查看地图	东莞 童装	https://baishiguanqun.1688.com/page/creditdetail.htm	注册资本：无需验资 ［已认证］	深圳市龙岗区百世冠群服装商行	固话：0769 - 13509803853	baishiguanqun	2018-03-24	联系人：李志生	成立时间：2014年05月21日 ［已认证］
alibaba	经营范围：许可经营项目：无。 一般经营项目：批发、零售：服饰、服装。 ［已认证］	注册地址：中国广东东莞虎门镇银龙路大莹东方国际服装商贸城三楼加位E339A商铺                                    查看地图	东莞 童装	https://qxfshi.1688.com/page/creditdetail.htm	注册资本：无需验资 ［已认证］	东莞市虎门晴欣服饰商行	18122877785	qxfshi	2018-03-24	联系人：熊才平	成立时间：2013年07月11日 ［已认证］
alibaba	经营范围：服装、服饰的生产加工及销售＊ ［已认证］	注册地址：中国广东深圳宝安区新安街道23区创业路东南侧友谊工业区1栋4楼                                    查看地图	东莞 童装	https://361vip.1688.com/page/creditdetail.htm	注册资本：无需验资 ［已认证］	深圳市宝安区新安奇瑞制衣厂	18816819240	361vip	2018-03-24	联系人：周海燕	成立时间：2014年04月08日 ［已认证］
alibaba	经营范围：产销：服装，服饰，纺织品，鞋材。 ［已认证］	注册地址：中国广东东莞中堂镇江南工业西区中心路11号厂房2栋第二层                                    查看地图	东莞 童装	https://yeleifushi.1688.com/page/creditdetail.htm	注册资本：人民币110万元 ［已认证］	东莞市烨磊服装有限公司	13802427456	yeleifushi	2018-03-24	联系人：蔡金传	成立时间：2015年12月10日 ［已认证］
alibaba	经营范围：服装批发零售。；批发零售 ［已认证］	注册地址：中国广东深圳南山区蛇口街道公园南路24-1号                                    查看地图	东莞 童装	https://shop1469552281576.1688.com/page/creditdetail.htm	注册资本：无需验资 ［已认证］	深圳市南山区来利隆服装贸易商行	13554709424	shop1469552281576	2018-03-24	联系人：高方彬	成立时间：2016年07月15日 ［已认证］
alibaba	经营范围：产销、加工：针织品、纺织品、服装、服饰。 ［已认证］	注册地址：中国广东东莞大朗镇黎贝岭村新围仔59号二楼                                    查看地图	东莞 童装	https://jianlizhenzhi.1688.com/page/creditdetail.htm	注册资本：无需验资 ［已认证］	东莞市大朗建丽针织厂	13713158879	jianlizhenzhi	2018-03-24	联系人：邱建法	成立时间：2013年08月06日 ［已认证］
alibaba	经营范围：一般经营项目:服装批发零售 许可经营项目:服装加工生产 ［已认证］	注册地址：中国广东深圳龙岗区南湾街道南岭村金龙花园B栋302号                                    查看地图	东莞 童装	https://shop1426524401885.1688.com/page/creditdetail.htm	注册资本：无需验资 ［已认证］	深圳市龙岗区喜悦莱服装厂	15999896632	shop1426524401885	2018-03-24	联系人：何伟	成立时间：2015年03月10日 ［已认证］
alibaba	经营范围：一般经营项目：   服装、服饰的批发零售许可经营项目：   服装、服饰的生产加工 ［已认证］	注册地址：中国广东深圳龙岗区坂田街道岗头社区同富裕工业园1号厂房三楼                                    查看地图	东莞 童装	https://hyyfzp.1688.com/page/creditdetail.htm	注册资本：无需验资 ［已认证］	深圳市龙岗区韩衣云制衣厂	13726455017	hyyfzp	2018-03-24	联系人：周海燕	成立时间：2015年04月09日 ［已认证］
alibaba	经营范围：服装服饰、电子产品、鞋帽箱包、家居用品、灯具、汽车配件、户外用品、成人用品的批发零售；计算机技术开发、软件开发；信息技术咨询；市场营销、网络营销策划；国内货运代.. ［已认证］	注册地址：中国广东深圳龙华新区民治街道民福路宝山工业区8栋508A                                    查看地图	东莞 童装	https://shop410257y5j8881.1688.com/page/creditdetail.htm	注册资本：人民币100万元 ［已认证］	深圳一眼万年电子商务有限公司	13798787710	shop410257y5j8881	2018-03-24	联系人：王鹏	成立时间：2016年11月08日 ［已认证］
alibaba	经营范围：加工、销售：服装（不含染色及定型）（凡涉及许可证或专项审批的凭有效证件经营） ［已认证］	注册地址：中国浙江金华义乌市上溪镇寺西村新区                                    查看地图	东莞 童装	https://shop1385744082504.1688.com/page/creditdetail.htm	注册资本：无需验资 ［已认证］	义乌市泰跃服装厂	13616895689	shop1385744082504	2018-03-24	联系人：刘朝军	成立时间：2013年11月22日 ［已认证］
alibaba	经营范围：一般经营项目:服装的销售 许可经营项目:服装的生产加工 ［已认证］	注册地址：中国广东深圳宝安区西乡街道黄麻布第五工业区6栋3楼                                    查看地图	东莞 童装	https://jiahua.1688.com/page/creditdetail.htm	注册资本：无需验资 ［已认证］	深圳市宝安区西乡嘉华服装制衣厂	15362603517	jiahua	2018-03-24	联系人：李华威	成立时间：2014年09月09日 ［已认证］
alibaba	经营范围：销售：服饰、服装、鞋、帽、皮具、箱包、玩具。 ［已认证］	注册地址：中国广东东莞虎门镇连升北路503-515号美居办公中心二楼D室                                    查看地图	东莞 童装	https://shop1439447200025.1688.com/page/creditdetail.htm	注册资本：人民币100万元 ［已认证］	东莞市魅思服饰有限公司	18124965629	shop1439447200025	2018-03-24	联系人：林文勇	成立时间：2015年07月14日 ［已认证］
alibaba	经营范围：许可经营项目：无 一般经营项目：批发：服饰。 ［已认证］	注册地址：中国广东东莞大朗镇巷尾社区富丽东路206号                                    查看地图	东莞 童装	https://dgsbfs.1688.com/page/creditdetail.htm	注册资本：无需验资 ［已认证］	东莞市大朗森博服饰经营部	13828778288	dgsbfs	2018-03-24	联系人：李春华	成立时间：2013年05月23日 ［已认证］
alibaba	经营范围：批发、零售：服装。 ［已认证］	注册地址：中国广东东莞虎门镇大宁江门一巷4号三层                                    查看地图	东莞 童装	https://shop1435165096770.1688.com/page/creditdetail.htm	注册资本：无需验资 ［已认证］	东莞市虎门浩轩定制服装店	13544795966	shop1435165096770	2018-03-24	联系人：陈思怡	成立时间：2015年06月05日 ［已认证］
alibaba	经营范围：一般经营项目：   服装的销售许可经营项目：   服装的生产与加工 ［已认证］	注册地址：中国广东深圳龙华新区观澜街道茜坑老村利恒盛工业园B栋东座5楼                                    查看地图	东莞 童装	https://geyilin.1688.com/page/creditdetail.htm	注册资本：无需验资 ［已认证］	深圳市龙华新区格依琳服装厂	13620973134	geyilin	2018-03-24	联系人：曾子恩	成立时间：2016年06月13日 ［已认证］
alibaba	经营范围：服装批发零售^服装生产加工 ［已认证］	注册地址：中国广东深圳龙华区龙华街道工业东路佳美利工业区8栋2楼南侧                                    查看地图	东莞 童装	https://yyfz8888.1688.com/page/creditdetail.htm	注册资本：无需验资 ［已认证］	深圳市龙华区依洋服装厂	13112589574	yyfz8888	2018-03-24	联系人：周雨	成立时间：2017年08月02日 ［已认证］
alibaba	经营范围：生产和销售毛织、服装（含洗水工序）。 ［已认证］	注册地址：中国广东东莞常平镇岗梓村大埔工业区                                    查看地图	东莞 童装	https://yihuitongzhuang.1688.com/page/creditdetail.htm	注册资本：港币1,122万元 ［已认证］	东莞常平岗梓兴业针织服装有限公司	18122989198	yihuitongzhuang	2018-03-24	联系人：郑优世	成立时间：2008年12月11日 ［已认证］
